Strategis,Account Coordinator,https://www.linkedin.com/jobs/view/3803069116/,United States (Remote),2024-01-20 22:24:23.756605
Strategis,Account Coordinator,https://www.linkedin.com/jobs/view/3803069116/,United States (Remote),2024-01-20 22:34:15.776025
"Aaron Resources, LLC",Landman,https://www.linkedin.com/jobs/view/3804550310/,"Dallas, TX (Hybrid)",2024-01-20 22:43:30.219638
Alacriti,Accounts Payable Specialist,https://www.linkedin.com/jobs/view/3801120236/,United States (Remote),2024-01-20 22:55:06.899927
Think Bigger PGFS,Office Administrator,https://www.linkedin.com/jobs/view/3802449028/,"Fort Worth, TX (Remote)",2024-01-20 23:53:48.310459
Brightway Insurance,Customer Service Representative (bilingual Spanish/English),https://www.linkedin.com/jobs/view/3784901583/,United States (Remote),2024-01-21 00:19:53.418386
"Agile Resources, Inc.",Customer Service Representative,https://www.linkedin.com/jobs/view/3806473430/,"Portland, Oregon Metropolitan Area (Remote)",2024-01-21 01:12:42.418671
Corso Marketing Group,West Coast Account Coordinator,https://www.linkedin.com/jobs/view/3792245021/,Los Angeles Metropolitan Area (Remote),2024-01-21 01:50:14.698795
Think Bigger PGFS,Office Administrator,https://www.linkedin.com/jobs/view/3802449028/,"Fort Worth, TX (Remote)",2024-01-21 01:52:34.540615
HMP Global,Program/Project Manager,https://www.linkedin.com/jobs/view/3797290503/,United States (Remote),2024-01-21 03:39:27.421128
Bold Business,Data Entry Agent,https://www.linkedin.com/jobs/view/3798897133/,"California, California, United States (Remote)",2024-01-21 13:15:29.115922
Think Bigger PGFS,Office Administrator,https://www.linkedin.com/jobs/view/3802449028/,"Fort Worth, TX (Remote)",2024-01-21 13:20:53.429652
C&E Industrial Services,Service Associate,https://www.linkedin.com/jobs/view/3798680462/,United States (Remote),2024-01-21 13:45:33.952607
PearlX,Solar Enrollment Specialist,https://www.linkedin.com/jobs/view/3792270577/,"California, United States (Remote)",2024-01-21 13:46:17.338925
InformData,Administrative Coordinator,https://www.linkedin.com/jobs/view/3804574440/,United States (Remote),2024-01-21 13:47:00.902104
New American Funding,Real Estate Lease Coordinator,https://www.linkedin.com/jobs/view/3806622054/,"Tustin, CA (Remote)",2024-01-21 13:47:56.622541
Clarity Recruiting,Operations Assistant,https://www.linkedin.com/jobs/view/3799081774/,"New York, NY (Remote)",2024-01-21 13:48:40.409799
Harland Clarke Customer Engagement Solutions,Contact Center Training Operation Specialist,https://www.linkedin.com/jobs/view/3808756296/,"San Antonio, TX (Remote)",2024-01-21 13:49:23.297468
silkgrassfarms,Receptionist,https://www.linkedin.com/jobs/view/3790572034/,"Florida, United States (Remote)",2024-01-21 13:50:03.811044
Edged,Billing Specialist,https://www.linkedin.com/jobs/view/3802554094/,United States (Remote),2024-01-21 13:50:48.959626
24 Seven Talent,Administrative Assistant,https://www.linkedin.com/jobs/view/3798667826/,United States (Remote),2024-01-21 13:51:40.630327
Cato Networks,Customer Care Specialist East,https://www.linkedin.com/jobs/view/3804447606/,"Boston, MA (Remote)",2024-01-21 13:52:20.049437
Randstad,Medical Claims Rep,https://www.linkedin.com/jobs/view/3809224848/,"Oakland, CA (Remote)",2024-01-21 13:53:13.074372
"Manning Personnel Group, Inc.",Administrative Coordinator,https://www.linkedin.com/jobs/view/3802165978/,"Boston, MA (Remote)",2024-01-21 13:53:58.370851
Brave Thinking Institute,Client Coordinator,https://www.linkedin.com/jobs/view/3808995502/,"Las Vegas, NV (Remote)",2024-01-21 13:54:52.797721
Vericast,Client Coordinator (Remote),https://www.linkedin.com/jobs/view/3809241275/,"Livonia, MI (Remote)",2024-01-21 13:57:12.571550
Calculated Hire,Billing Coordinator,https://www.linkedin.com/jobs/view/3803089876/,United States (Remote),2024-01-21 13:58:19.199190
Apexon,Surge Support (Eligibility),https://www.linkedin.com/jobs/view/3806492970/,United States (Remote),2024-01-21 13:58:59.561267
Beyond Finance,Inside Sales Representative (Remote),https://www.linkedin.com/jobs/view/3768481629/,"Tempe, AZ (Remote)",2024-01-21 13:59:39.685779
PearlX,Solar Enrollment Specialist,https://www.linkedin.com/jobs/view/3792270577/,"California, United States (Remote)",2024-01-21 14:00:24.806963
Cornerstone Building Brands,Field Service Representative,https://www.linkedin.com/jobs/view/3801732895/,"Houston, TX (Remote)",2024-01-21 14:01:08.746870
New American Funding,Real Estate Lease Coordinator,https://www.linkedin.com/jobs/view/3806622054/,"Tustin, CA (Remote)",2024-01-21 14:02:07.263396
"Agero, Inc.",Client Services Specialist,https://www.linkedin.com/jobs/view/3797074339/,United States (Remote),2024-01-21 14:02:48.795590
Points North,Client Services Specialist,https://www.linkedin.com/jobs/view/3737631977/,Greater Minneapolis-St. Paul Area (Remote),2024-01-21 14:03:31.997502
TalentoHC,Credit Card Clerk,https://www.linkedin.com/jobs/view/3800594862/,United States (Remote),2024-01-21 14:04:19.856053
Acentra Health,Customer Service Representative (Remote - Bilingual),https://www.linkedin.com/jobs/view/3670932942/,United States (Remote),2024-01-21 14:05:02.634679
"Manning Personnel Group, Inc.",Administrative Coordinator,https://www.linkedin.com/jobs/view/3802165978/,"Boston, MA (Remote)",2024-01-21 14:05:48.685884
Order.co,Accounts Receivable Analyst (Part-Time),https://www.linkedin.com/jobs/view/3803491724/,"New York, NY (Remote)",2024-01-21 14:06:31.327772
24 Seven Talent,Administrative Assistant,https://www.linkedin.com/jobs/view/3798667826/,United States (Remote),2024-01-21 14:07:15.549296
Acentra Health,Customer Service Representative (Remote U.S.),https://www.linkedin.com/jobs/view/3760359898/,United States (Remote),2024-01-21 14:07:57.450536
Aimic Inc,Patient Account Representative,https://www.linkedin.com/jobs/view/3798649321/,United States (Remote),2024-01-21 14:08:48.062425
Insight Global,Remote Zendesk Call Center,https://www.linkedin.com/jobs/view/3804810252/,United States (Remote),2024-01-21 14:09:25.756812
"Agile Resources, Inc.",Engagement and Outreach Coordinator,https://www.linkedin.com/jobs/view/3804573218/,Washington DC-Baltimore Area (Remote),2024-01-21 14:11:39.617883
"Vector Consulting, Inc","Eligibility Specialist- Atlanta, GA(Remote)",https://www.linkedin.com/jobs/view/3804364432/,"Atlanta, GA (Remote)",2024-01-21 14:12:19.592351
Trulieve,Wholesale Operations Analyst,https://www.linkedin.com/jobs/view/3807323017/,"Pennsylvania, United States (Remote)",2024-01-21 14:13:03.450157
GForce Life Sciences,Contract Administrator,https://www.linkedin.com/jobs/view/3808754104/,United States (Remote),2024-01-21 14:13:45.899076
Onward Search,Account Coordinator [73585],https://www.linkedin.com/jobs/view/3808530907/,United States (Remote),2024-01-21 14:14:31.157009
Vallum Associates,Inside Sales Representative - 100% Remote,https://www.linkedin.com/jobs/view/3807724865/,"Massachusetts, United States (Remote)",2024-01-21 14:15:16.295392
Insight Global,Workday Payroll Analyst,https://www.linkedin.com/jobs/view/3804162186/,United States (Remote),2024-01-21 14:15:58.975886
Sparks Group,"[REMOTE] Contracts Analyst, Talent Rights",https://www.linkedin.com/jobs/view/3802907184/,United States (Remote),2024-01-21 14:16:41.833035
GP Strategies Corporation,North America Payroll Specialist - Remote,https://www.linkedin.com/jobs/view/3806831117/,"Columbia, MD (Remote)",2024-01-21 14:17:24.075953
Guardant Health,Client Services Associate [EG],https://www.linkedin.com/jobs/view/3796727310/,"Palo Alto, CA (Remote)",2024-01-21 14:18:11.247626
Lexitas Legal Talent Outsourcing,Contract Administrator,https://www.linkedin.com/jobs/view/3800435558/,United States (Remote),2024-01-21 14:18:56.835638
Medallion,AR / AP Analyst,https://www.linkedin.com/jobs/view/3799930197/,United States (Remote),2024-01-21 14:19:37.536325
Gary Sinise Foundation,Development Associate,https://www.linkedin.com/jobs/view/3806454716/,United States (Remote),2024-01-21 14:20:23.035769
Assembly Health,Credentialing Specialist,https://www.linkedin.com/jobs/view/3802816405/,United States (Remote),2024-01-21 14:21:08.030108
BCU,"Spec, Collections",https://www.linkedin.com/jobs/view/3788296704/,United States (Remote),2024-01-21 14:21:49.622805
"Keeper Security, Inc.",Bilingual (Spanish/English) B2B Customer Support Representative,https://www.linkedin.com/jobs/view/3783799485/,"Chicago, IL (Remote)",2024-01-21 14:22:27.186740
HLTHX,HLTHX Guide (REMOTE)New Mexico,https://www.linkedin.com/jobs/view/3799403961/,"New Mexico, United States (Remote)",2024-01-21 14:23:13.260448
Capgemini,Customer Service Representative,https://www.linkedin.com/jobs/view/3808288258/,United States (Remote),2024-01-21 14:23:58.277838
Cambridge Innovation Institute,Data Processing & Internet Research Associate,https://www.linkedin.com/jobs/view/3803232345/,"Massachusetts, United States (Remote)",2024-01-21 14:24:42.717258
LevelUP,Medical Billing and Collections specialist,https://www.linkedin.com/jobs/view/3802454687/,United States (Remote),2024-01-21 14:25:23.553734
Acentra Health,Customer Service Representative (Remote),https://www.linkedin.com/jobs/view/3732689224/,United States (Remote),2024-01-21 14:26:06.746643
Alpine Home Air,Customer Solutions Representative,https://www.linkedin.com/jobs/view/3808735421/,United States (Remote),2024-01-21 14:26:51.967305
Visionaire Partners,Digital Analyst (E-commerce/Marketing) - 100% Remote,https://www.linkedin.com/jobs/view/3792294007/,United States (Remote),2024-01-21 14:27:32.822533
Beyond Finance,Inside Sales Representative (Remote),https://www.linkedin.com/jobs/view/3768482507/,"Dallas, TX (Remote)",2024-01-21 14:28:17.925072
Onward Search,Account Coordinator [73584],https://www.linkedin.com/jobs/view/3807394615/,"Florida, United States (Remote)",2024-01-21 14:30:38.705295
NewtekOne (NASDAQ: NEWT),iSolved Payroll Customer Support Specialist I,https://www.linkedin.com/jobs/view/3794026640/,United States (Remote),2024-01-21 14:31:22.260337
"IDR, Inc.",Welfare Eligibility & Enrollment Specialist,https://www.linkedin.com/jobs/view/3806461123/,United States (Remote),2024-01-21 14:32:02.361984
Amaze ABA Therapy,Behavioral Health Technician,https://www.linkedin.com/jobs/view/3807784028/,"Georgia, United States (Remote)",2024-01-21 14:32:46.411714
ACU-Serve Corp.,DME Intake Referral Specialist,https://www.linkedin.com/jobs/view/3803479074/,United States (Remote),2024-01-21 14:33:26.915362
"IDR, Inc.",State Eligibility Specialist,https://www.linkedin.com/jobs/view/3806432911/,United States (Remote),2024-01-21 14:34:08.395621
Imagine H2O,Program Associate,https://www.linkedin.com/jobs/view/3803094498/,United States (Remote),2024-01-21 14:34:45.128931
Brighton Health Plan Solutions,Client Services Representative,https://www.linkedin.com/jobs/view/3808804054/,United States (Remote),2024-01-21 14:35:25.156537
Jones Networking,Legal Billing Coordinator,https://www.linkedin.com/jobs/view/3809708468/,Washington DC-Baltimore Area (Remote),2024-01-21 14:36:05.822755
"Keeper Security, Inc.",B2B Customer Support Representative,https://www.linkedin.com/jobs/view/3802319265/,"Chicago, IL (Remote)",2024-01-21 14:36:51.730849
U.S. Retirement & Benefits Partners,Participant Services Associate,https://www.linkedin.com/jobs/view/3810528308/,United States (Remote),2024-01-21 14:37:42.339948
Montegallo.,Executive Assistant,https://www.linkedin.com/jobs/view/3810296381/,"New York, United States (Remote)",2024-01-21 14:38:28.394540
The Intersect Group,Medical Biller,https://www.linkedin.com/jobs/view/3801104676/,"Phoenix, AZ (Remote)",2024-01-21 14:39:18.675909
Insight Global,Quality Assurance Coordinator,https://www.linkedin.com/jobs/view/3803679904/,"Tampa, FL (Remote)",2024-01-21 14:40:00.845711
Randstad,Customer Service Representative,https://www.linkedin.com/jobs/view/3795570655/,"Marlborough, MA (Remote)",2024-01-21 14:40:47.244880
Compass Health Center,Medical Coder,https://www.linkedin.com/jobs/view/3781732371/,Greater Chicago Area (Remote),2024-01-21 14:41:29.900256
Plona Partners,"Court & Docketing Clerk, Remote (AmLaw50)",https://www.linkedin.com/jobs/view/3810808341/,Washington DC-Baltimore Area (Remote),2024-01-21 14:42:12.166739
The Channel Company,Payroll Specialist,https://www.linkedin.com/jobs/view/3796570724/,United States (Remote),2024-01-21 14:42:54.299170
Proliant,Payroll Implementation Support Specialist,https://www.linkedin.com/jobs/view/3801318981/,United States (Remote),2024-01-21 14:43:36.445312
Allmand Law Firm PLLC,Legal Intake Specialist,https://www.linkedin.com/jobs/view/3803809973/,"Texas, United States (Remote)",2024-01-21 14:44:24.457032
CXO Healthcare Recruiting,Medical Coder,https://www.linkedin.com/jobs/view/3797492775/,United States (Remote),2024-01-21 14:45:08.193463
Proliant,Payroll Specialist,https://www.linkedin.com/jobs/view/3507641045/,United States (Remote),2024-01-21 14:45:52.217631
CSI Companies,Remote Risk Adjustment Coder,https://www.linkedin.com/jobs/view/3803217855/,United States (Remote),2024-01-21 14:46:35.286419
Sun2o Partners,Development Associate,https://www.linkedin.com/jobs/view/3802319196/,United States (Remote),2024-01-21 14:52:49.149726
First American Home Warranty,Inside Sales Representative,https://www.linkedin.com/jobs/view/3804102379/,United States (Remote),2024-01-21 14:53:28.142299
Harvard Resource Solutions LLC,Sr. Customer Service Representative,https://www.linkedin.com/jobs/view/3805269931/,"Michigan, United States (Remote)",2024-01-21 14:54:08.771663
CBIZ Private Equity Advisory,Operations Analyst,https://www.linkedin.com/jobs/view/3776621595/,"Denver, CO (Remote)",2024-01-21 14:54:50.779436
Nava,Staff Accountant,https://www.linkedin.com/jobs/view/3804373192/,United States (Remote),2024-01-21 14:55:35.227892
Tailored Management,Intake Care Senior Representative,https://www.linkedin.com/jobs/view/3793911614/,"Bloomington, MN (Remote)",2024-01-21 14:56:19.078355
Vaco,Staff Accountant - $60-65K Mostly Remote (1 day/month),https://www.linkedin.com/jobs/view/3803031419/,"Tampa, FL (Remote)",2024-01-21 14:57:14.903335
Insight Global,Certified Medical Coder,https://www.linkedin.com/jobs/view/3801132823/,Los Angeles Metropolitan Area (Remote),2024-01-21 14:57:58.781943
Mothers Out Front,Operations Associate,https://www.linkedin.com/jobs/view/3809965034/,United States (Remote),2024-01-21 14:58:45.612614
Edged,Billing Specialist,https://www.linkedin.com/jobs/view/3802554094/,United States (Remote),2024-01-21 14:59:42.386929
Recruiting Solutions,Remote Denials Specialist,https://www.linkedin.com/jobs/view/3803064733/,United States (Remote),2024-01-21 15:00:26.428963
Maven Clinic,Member Services Associate,https://www.linkedin.com/jobs/view/3804176358/,United States (Remote),2024-01-21 15:01:11.427343
LevelUP,Hospital Billing and Collections Associate,https://www.linkedin.com/jobs/view/3790343270/,United States (Remote),2024-01-21 15:01:53.956411
Kranz Consulting,Accounts Payable Specialist,https://www.linkedin.com/jobs/view/3802422691/,United States (Remote),2024-01-21 15:02:35.712617
Bluebird Staffing,Clinical Reimbursement Specialist,https://www.linkedin.com/jobs/view/3790064158/,United States (Remote),2024-01-21 15:03:15.824562
Sunnova Energy,Installation Coordinator,https://www.linkedin.com/jobs/view/3810551802/,United States (Remote),2024-01-21 15:04:06.386296
tkdesignassociates,Marketing Copywriter,https://www.linkedin.com/jobs/view/3781348660/,United States (Remote),2024-01-21 15:04:47.386814
Clarity Recruiting,Operations Assistant,https://www.linkedin.com/jobs/view/3799081774/,"New York, NY (Remote)",2024-01-21 15:05:31.101003
Regenexx Corporate Program,Billing Specialist,https://www.linkedin.com/jobs/view/3743036970/,"Des Moines, IA (Remote)",2024-01-21 15:07:44.958470
Beyond Finance,Inside Sales Representative,https://www.linkedin.com/jobs/view/3723946018/,United States (Remote),2024-01-21 15:08:29.911876
TalentoHC,Credit Card Clerk,https://www.linkedin.com/jobs/view/3800594862/,United States (Remote),2024-01-21 15:09:11.590787
PorchLight Insights,Project Manager,https://www.linkedin.com/jobs/view/3803692488/,United States (Remote),2024-01-21 15:09:47.521399
Insight Global,Inpatient Facility Coder,https://www.linkedin.com/jobs/view/3798677531/,United States (Remote),2024-01-21 15:10:29.491310
Trius Lending Partners,Loan Intake Processor,https://www.linkedin.com/jobs/view/3809765636/,United States (Remote),2024-01-21 15:11:11.500464
BCU,"Spec, Collections",https://www.linkedin.com/jobs/view/3788296704/,United States (Remote),2024-01-21 15:11:54.437522
"Keeper Security, Inc.",Bilingual (Spanish/English) B2B Customer Support Representative,https://www.linkedin.com/jobs/view/3783799485/,"Chicago, IL (Remote)",2024-01-21 15:12:37.837421
Upbeat (Education),Program Operations Associate,https://www.linkedin.com/jobs/view/3790896377/,United States (Remote),2024-01-21 15:13:15.247274
Cornerstone Building Brands,Field Service Representative,https://www.linkedin.com/jobs/view/3801732895/,"Houston, TX (Remote)",2024-01-21 15:13:56.925822
NewtekOne (NASDAQ: NEWT),iSolved Payroll Customer Support Specialist I,https://www.linkedin.com/jobs/view/3794026640/,United States (Remote),2024-01-21 15:14:38.680407
Brighton Health Plan Solutions,Client Services Representative,https://www.linkedin.com/jobs/view/3808804054/,United States (Remote),2024-01-21 15:15:19.263307
Motion Recruitment,Live Events Operations Coordinator,https://www.linkedin.com/jobs/view/3809225335/,United States (Remote),2024-01-21 15:16:04.956807
HLTHX,HLTHX Guide (REMOTE)New Mexico,https://www.linkedin.com/jobs/view/3799403961/,"New Mexico, United States (Remote)",2024-01-21 15:16:49.961653
Forsta,Technical Support Agent - US Pacific Time Zone working hours,https://www.linkedin.com/jobs/view/3795116977/,"Chicago, IL (Remote)",2024-01-21 15:17:35.020085
Insight Global,Medical Coder,https://www.linkedin.com/jobs/view/3806475105/,"Florida, United States (Remote)",2024-01-21 15:18:17.514025
Beyond Finance,Inside Sales Representative (Remote),https://www.linkedin.com/jobs/view/3768480690/,"Fort Lauderdale, FL (Remote)",2024-01-21 15:19:02.959407
Medallion,AR / AP Analyst,https://www.linkedin.com/jobs/view/3799930197/,United States (Remote),2024-01-21 15:19:46.954506
Institute of Technology and Academics,Personal Assistant,https://www.linkedin.com/jobs/view/3804831015/,"Milwaukee, WI (Remote)",2024-01-21 15:20:35.184142
The Intersect Group,Medical Biller,https://www.linkedin.com/jobs/view/3801104676/,"Phoenix, AZ (Remote)",2024-01-21 15:21:27.071864
"AIB International, Inc","Associate, Certification Services and Reports",https://www.linkedin.com/jobs/view/3805429897/,United States (Remote),2024-01-21 15:22:06.200177
Jobot,REMOTE Accounts Receivable and Payables Clerk - Entry Level,https://www.linkedin.com/jobs/view/3806686218/,"Washington, DC (Remote)",2024-01-21 15:22:48.930797
Imagine H2O,Program Associate,https://www.linkedin.com/jobs/view/3803094498/,United States (Remote),2024-01-21 15:23:32.560534
Randstad USA,Financial Call Center Representative,https://www.linkedin.com/jobs/view/3808745630/,"Malvern, PA (Remote)",2024-01-21 15:25:53.008775
iProspect,"Senior Associate, Commerce & Retail Media",https://www.linkedin.com/jobs/view/3749263728/,"New York, NY (Remote)",2024-01-21 15:26:33.874724
U.S. Retirement & Benefits Partners,Participant Services Associate,https://www.linkedin.com/jobs/view/3810528308/,United States (Remote),2024-01-21 15:27:16.393526
iProspect,"Senior Associate, Commerce & Retail Media",https://www.linkedin.com/jobs/view/3749262779/,"Seattle, WA (Remote)",2024-01-21 15:27:56.787735
The Lion Electric,Field Service Representative,https://www.linkedin.com/jobs/view/3799970693/,"Shreveport, LA (Remote)",2024-01-21 15:28:39.727920
Jones Networking,Legal Billing Coordinator,https://www.linkedin.com/jobs/view/3809708468/,Washington DC-Baltimore Area (Remote),2024-01-21 15:29:19.927177
1031 Specialists,1031 Processor,https://www.linkedin.com/jobs/view/3748805590/,"Los Angeles, CA (Remote)",2024-01-21 15:30:05.244228
Clarity Recruiting,Operations Associate,https://www.linkedin.com/jobs/view/3799338727/,"New York, United States (Remote)",2024-01-21 15:30:43.956887
Acentra Health,Customer Service Representative (Remote),https://www.linkedin.com/jobs/view/3673794343/,United States (Remote),2024-01-21 15:31:25.287855
SimpleVMS,"Inside Sales Representative, SimpleVMS",https://www.linkedin.com/jobs/view/3738043683/,United States (Remote),2024-01-21 15:32:05.728998
The Channel Company,Payroll Specialist,https://www.linkedin.com/jobs/view/3796570724/,United States (Remote),2024-01-21 15:32:48.234777
CSI Companies,Remote Risk Adjustment Coder,https://www.linkedin.com/jobs/view/3803217855/,United States (Remote),2024-01-21 15:33:31.140030
Oscar Health,"Associate, Claims Platform Configuration",https://www.linkedin.com/jobs/view/3800618587/,United States (Remote),2024-01-21 15:34:11.844583
Brighton Health Plan Solutions,Appeals Coordinator,https://www.linkedin.com/jobs/view/3808511172/,United States (Remote),2024-01-21 15:34:52.378617
Insight Global,Financial Compliance Analyst (jr-mid level),https://www.linkedin.com/jobs/view/3798649571/,United States (Remote),2024-01-21 15:35:36.076647
Wright Flood - Nation's Largest Flood Insurance Company,Customer Service Representative,https://www.linkedin.com/jobs/view/3687950510/,"Florida, United States (Remote)",2024-01-21 15:36:19.926010
Duravent Group,Customer Service Technical Specialist,https://www.linkedin.com/jobs/view/3791793301/,United States (Remote),2024-01-21 15:37:05.637284
Montegallo.,Executive Assistant,https://www.linkedin.com/jobs/view/3810296381/,"New York, United States (Remote)",2024-01-21 15:37:44.910864
Union of Concerned Scientists,Outreach Coordinator,https://www.linkedin.com/jobs/view/3784944580/,"Washington, DC (Remote)",2024-01-21 15:38:27.998012
Nymbl Systems,Medical Billing/AR Specialist (Remote),https://www.linkedin.com/jobs/view/3799096916/,United States (Remote),2024-01-21 15:39:12.980106
"VIVOS Professional Services, LLC",Product Safety Specialist,https://www.linkedin.com/jobs/view/3799952775/,United States (Remote),2024-01-21 15:39:56.014507
Maven Clinic,Senior Member Services Associate,https://www.linkedin.com/jobs/view/3804174364/,United States (Remote),2024-01-21 15:40:37.005180
Jobot,REMOTE Accounts Receivable and Payables Clerk - Entry Level,https://www.linkedin.com/jobs/view/3806681658/,"Boston, MA (Remote)",2024-01-21 15:41:23.772266
Advanced Recruiting Partners,Clinical Trial Assistant,https://www.linkedin.com/jobs/view/3791796899/,United States (Remote),2024-01-21 15:42:07.704098
Dealer Tire,Payroll Specialist,https://www.linkedin.com/jobs/view/3792251827/,Greater Cleveland (Remote),2024-01-21 15:42:49.056062
Healthcare IS,FQHC Coder,https://www.linkedin.com/jobs/view/3780695549/,United States (Remote),2024-01-21 15:45:01.482391
Cornerstone Building Brands,Building Services Representative,https://www.linkedin.com/jobs/view/3778904488/,"Arizona, United States (Remote)",2024-01-21 15:45:45.474054
Insight Global,International Trade Specialist,https://www.linkedin.com/jobs/view/3804571717/,United States (Remote),2024-01-21 15:46:37.353433
TalentoHC,Accounts Payable Specialist,https://www.linkedin.com/jobs/view/3788979331/,"Florida, United States (Remote)",2024-01-21 15:47:19.165474
"CPS, Inc.",Media Billing Specialist --Fully Remote Potential(Have To Be Local To Area),https://www.linkedin.com/jobs/view/3799893904/,"Fort Worth, TX (Remote)",2024-01-21 15:48:02.640961
Terumo Medical Corporation,Customer Care Representative,https://www.linkedin.com/jobs/view/3787313394/,"Phoenix, AZ (Remote)",2024-01-21 15:48:45.427180
RemX | The Workforce Experts,Field Marketing Specialist,https://www.linkedin.com/jobs/view/3805545435/,"Columbia, SC (Remote)",2024-01-21 15:49:28.882066
Intelletec Energy,Remote Paralegal,https://www.linkedin.com/jobs/view/3802343326/,United States (Remote),2024-01-21 15:50:12.233481
Precision Point Staffing,Clinical Trial Associate/Senior Clinical Trial Associate,https://www.linkedin.com/jobs/view/3806571010/,United States (Remote),2024-01-21 15:50:54.930515
LHH,Master Data Analyst,https://www.linkedin.com/jobs/view/3788929591/,"Dallas, TX (Remote)",2024-01-21 15:51:36.917998
Blue Signal Search,AR Rep/Medical Collections Specialist,https://www.linkedin.com/jobs/view/3740226305/,United States (Remote),2024-01-21 15:52:18.610135
CorServ,Disputes Analyst,https://www.linkedin.com/jobs/view/3798170211/,United States (Remote),2024-01-21 15:53:00.176931
Vaco,Reimbursement Specialist - Call Center,https://www.linkedin.com/jobs/view/3799946216/,"Orlando, FL (Remote)",2024-01-21 15:53:42.045001
Environmental Protection Network,Community Outreach Associate,https://www.linkedin.com/jobs/view/3801107446/,United States (Remote),2024-01-21 15:54:27.131803
Blue Signal Search,Insurance Verification Specialist,https://www.linkedin.com/jobs/view/3740208920/,United States (Remote),2024-01-21 15:55:07.161414
Randstad USA,Financial Call Center Representative,https://www.linkedin.com/jobs/view/3808743329/,"Scottsdale, AZ (Remote)",2024-01-21 15:55:52.098775
"Manning Personnel Group, Inc.",Administrative Coordinator,https://www.linkedin.com/jobs/view/3802165978/,"Boston, MA (Remote)",2024-01-21 15:56:34.098741
Amerit Consulting,"Remote Role [Bilingual customer Service Rep] - Rancho Cordova, CA",https://www.linkedin.com/jobs/view/3802770965/,"Sacramento County, CA (Remote)",2024-01-21 15:57:14.407929
Acentra Health,Customer Service Representative (Remote),https://www.linkedin.com/jobs/view/3670933754/,United States (Remote),2024-01-21 15:57:58.225672
4 Corner Resources,Benefits Analyst,https://www.linkedin.com/jobs/view/3799836660/,United States (Remote),2024-01-21 15:58:44.225066
Alpine Physician Partners,Credentialing Specialist,https://www.linkedin.com/jobs/view/3798399164/,"Texas, United States (Remote)",2024-01-21 15:59:27.266095
Jobot,REMOTE Accounts Receivable and Payables Clerk - Entry Level,https://www.linkedin.com/jobs/view/3806687206/,"Baltimore, MD (Remote)",2024-01-21 16:00:07.840072
eBrevia,Operations Associate,https://www.linkedin.com/jobs/view/3804284845/,United States (Remote),2024-01-21 16:00:54.698724
"Maxor National Pharmacy Services, LLC",Patient Care Coordinator,https://www.linkedin.com/jobs/view/3807092953/,"Amarillo, TX (Remote)",2024-01-21 16:01:35.606965
4 Corner Resources,Pharmacy Technician,https://www.linkedin.com/jobs/view/3795175007/,"Orlando, FL (Remote)",2024-01-21 16:07:43.886011
Platinum Recruiting Group,Revenue Accountant,https://www.linkedin.com/jobs/view/3804286488/,"Indiana, United States (Remote)",2024-01-21 16:08:23.186474
Harland Clarke Customer Engagement Solutions,Contact Center Training Operation Specialist,https://www.linkedin.com/jobs/view/3808756296/,"San Antonio, TX (Remote)",2024-01-21 16:09:05.186322
Genea,Invoice Specialist I,https://www.linkedin.com/jobs/view/3802622968/,United States (Remote),2024-01-21 16:09:46.393019
LHH,Accounts Payable Coordinator - NetSuite experience desired,https://www.linkedin.com/jobs/view/3801121044/,"Chicago, IL (Remote)",2024-01-21 16:10:28.364767
TravelCenters of America,Emergency Roadside Assistance Agent (REMOTE),https://www.linkedin.com/jobs/view/3808765339/,United States (Remote),2024-01-21 16:11:07.936383
Terumo Medical Corporation,Customer Care Representative,https://www.linkedin.com/jobs/view/3787313394/,"Phoenix, AZ (Remote)",2024-01-21 16:11:51.358707
"IDR, Inc.",Eligibility Specialist,https://www.linkedin.com/jobs/view/3804821840/,United States (Remote),2024-01-21 16:12:31.295836
Insight Global,International Trade Specialist,https://www.linkedin.com/jobs/view/3804571717/,United States (Remote),2024-01-21 16:13:19.238473
Walden University,Enrollment Specialist,https://www.linkedin.com/jobs/view/3797041559/,United States (Remote),2024-01-21 16:14:01.996927
Bluebird Staffing,Clinical Reimbursement Specialist,https://www.linkedin.com/jobs/view/3790064158/,United States (Remote),2024-01-21 16:14:44.648892
Russell Tobin,Administrative Assistant,https://www.linkedin.com/jobs/view/3807173773/,United States (Remote),2024-01-21 16:15:22.700494
Insight Global,Medical Coder,https://www.linkedin.com/jobs/view/3806475105/,"Florida, United States (Remote)",2024-01-21 16:16:05.968739
Nymbl Systems,Medical Billing/AR Specialist (Remote),https://www.linkedin.com/jobs/view/3799096916/,United States (Remote),2024-01-21 16:16:48.199395
BayCare Health System,Specialty Coder,https://www.linkedin.com/jobs/view/3801527729/,"Florida, United States (Remote)",2024-01-21 16:17:30.195585
Insight Global,Certified Medical Coder,https://www.linkedin.com/jobs/view/3801132823/,Los Angeles Metropolitan Area (Remote),2024-01-21 16:18:14.882438
Blue Signal Search,Insurance Verification Specialist,https://www.linkedin.com/jobs/view/3740208920/,United States (Remote),2024-01-21 16:18:55.074323
First American Home Warranty,Inside Sales Representative,https://www.linkedin.com/jobs/view/3804102379/,United States (Remote),2024-01-21 16:19:36.096203
Amerit Consulting,"Remote Role [Bilingual customer Service Rep] - Rancho Cordova, CA",https://www.linkedin.com/jobs/view/3802770965/,"Sacramento County, CA (Remote)",2024-01-21 16:20:16.039318
Domino Data Lab,Staff Accountant (Revenue),https://www.linkedin.com/jobs/view/3786775314/,United States (Remote),2024-01-21 16:21:00.702516
Vaco,Reimbursement Specialist - Call Center,https://www.linkedin.com/jobs/view/3799946216/,"Orlando, FL (Remote)",2024-01-21 16:21:54.352288
BayCare Health System,Medical Records Coder,https://www.linkedin.com/jobs/view/3801521641/,"Florida, United States (Remote)",2024-01-21 16:22:37.548747
Acentra Health,Customer Service Representative (Remote U.S.),https://www.linkedin.com/jobs/view/3760359898/,United States (Remote),2024-01-21 16:23:19.398806
Jobot,REMOTE Accounts Receivable and Payables Clerk - Entry Level,https://www.linkedin.com/jobs/view/3806681658/,"Boston, MA (Remote)",2024-01-21 16:23:58.100240
Jobot,100% REMOTE Staff Accountant,https://www.linkedin.com/jobs/view/3809180356/,"Baltimore, MD (Remote)",2024-01-21 16:26:03.874944
Jobot,100% REMOTE Staff Accountant,https://www.linkedin.com/jobs/view/3808861648/,"New York, NY (Remote)",2024-01-21 16:26:54.718299
Beyond Finance,Inside Sales Representative (Remote),https://www.linkedin.com/jobs/view/3768482511/,"Phoenix, AZ (Remote)",2024-01-21 17:17:31.719932
Think Bigger PGFS,Office Administrator,https://www.linkedin.com/jobs/view/3802449028/,"Fort Worth, TX (Remote)",2024-01-21 17:24:51.905711
Vericast,Client Coordinator (Remote),https://www.linkedin.com/jobs/view/3809241275/,"Livonia, MI (Remote)",2024-01-21 17:42:09.449251
Randstad,Customer Service Representative,https://www.linkedin.com/jobs/view/3795570655/,"Marlborough, MA (Remote)",2024-01-21 17:58:37.525729
Vericast,Customer Care Specialist I (Contract to Hire),https://www.linkedin.com/jobs/view/3809954425/,"San Antonio, TX (Remote)",2024-01-21 18:00:43.193749
Walden University,Enrollment Specialist,https://www.linkedin.com/jobs/view/3797041559/,United States (Remote),2024-01-21 18:14:23.035860
Proliant,Payroll Implementation Support Specialist,https://www.linkedin.com/jobs/view/3801318981/,United States (Remote),2024-01-21 18:29:45.630883
Vericast,Client Coordinator (Remote),https://www.linkedin.com/jobs/view/3809241275/,"Livonia, MI (Remote)",2024-01-21 18:48:35.839709
