Strategis,Account Coordinator,https://www.linkedin.com/jobs/view/3803069116/,United States (Remote),2024-01-20 22:24:23.759609
Strategis,Account Coordinator,https://www.linkedin.com/jobs/view/3803069116/,United States (Remote),2024-01-20 22:34:15.777591
"Aaron Resources, LLC",Landman,https://www.linkedin.com/jobs/view/3804550310/,"Dallas, TX (Hybrid)",2024-01-20 22:43:30.221743
Strategis,Account Coordinator,https://www.linkedin.com/jobs/view/3803069116/,United States (Remote),2024-01-20 22:49:20.698240
The Bulleit Group,Account Coordinator,https://www.linkedin.com/jobs/view/3802307287/,United States (Remote),2024-01-20 22:51:00.040087
E7evate,"Tax Advisor, Enrolled Agent / Business Development",https://www.linkedin.com/jobs/view/3806472398/,United States (Remote),2024-01-20 22:52:48.097868
Estates Management Company,Entry Level Customer Relation Officer,https://www.linkedin.com/jobs/view/3807572476/,United States (Remote),2024-01-20 22:54:36.077306
Alacriti,Accounts Payable Specialist,https://www.linkedin.com/jobs/view/3801120236/,United States (Remote),2024-01-20 22:55:06.901202
Russell Tobin,Tanium Admin,https://www.linkedin.com/jobs/view/3798723676/,United States (Remote),2024-01-20 23:01:24.382823
The Select Group,Data Entry Specialist,https://www.linkedin.com/jobs/view/3810364144/,United States (Remote),2024-01-20 23:02:56.981213
24 Seven Talent,Data Entry Specialist,https://www.linkedin.com/jobs/view/3791751300/,United States (Remote),2024-01-20 23:04:32.429884
LaSalle Network,Temporary Entry-Level Data Entry,https://www.linkedin.com/jobs/view/3798812280/,"Chicago, IL (Remote)",2024-01-20 23:05:54.095905
Lorven Technologies Inc.,"Data Entry Support -- Hartford, CT 06134 (Remote Position)",https://www.linkedin.com/jobs/view/3802270997/,United States (Remote),2024-01-20 23:07:38.444775
Orbiss Inc.,Tax Associate – Corporate Tax,https://www.linkedin.com/jobs/view/3805292019/,United States (Remote),2024-01-20 23:31:17.913243
ATS Global,MES/MOM Manager,https://www.linkedin.com/jobs/view/3807585177/,United States (Remote),2024-01-20 23:33:05.965604
Unforgettable Travel Company,Senior Cruise Specialist,https://www.linkedin.com/jobs/view/3795205879/,United States (Remote),2024-01-20 23:34:47.227555
The Bulleit Group,Account Coordinator,https://www.linkedin.com/jobs/view/3802307287/,United States (Remote),2024-01-20 23:34:54.275505
SWAN Analytical USA,Direct Sales Representative,https://www.linkedin.com/jobs/view/3798680189/,"Orlando, FL (Remote)",2024-01-20 23:36:31.096891
Strategis,Account Coordinator,https://www.linkedin.com/jobs/view/3803069116/,United States (Remote),2024-01-20 23:36:36.704461
Orbiss Inc.,Tax Associate – Individual Tax,https://www.linkedin.com/jobs/view/3799968645/,United States (Remote),2024-01-20 23:38:12.296129
Estates Management Company,Entry Level Customer Relation Officer,https://www.linkedin.com/jobs/view/3807572476/,United States (Remote),2024-01-20 23:38:19.412029
Exotic Car Trader,BDC Representative Opportunity at Exotic Car Trader,https://www.linkedin.com/jobs/view/3803204360/,"Nevada, United States (Remote)",2024-01-20 23:40:05.626261
Sixpenny,Customer Service Specialist (Delivery),https://www.linkedin.com/jobs/view/3791150507/,"New York, NY (Remote)",2024-01-20 23:41:47.245012
Alacriti,Accounts Payable Specialist,https://www.linkedin.com/jobs/view/3801120236/,United States (Remote),2024-01-20 23:43:22.931736
Hunter Hamilton,Admissions Representative,https://www.linkedin.com/jobs/view/3799414878/,United States (Remote),2024-01-20 23:45:12.576487
Quick Test Lab Diagnostics,Mobile Phlebotomist,https://www.linkedin.com/jobs/view/3762625541/,"Spring Hill, FL (Remote)",2024-01-20 23:46:47.357386
"TEAM Technologies, Incorporated",Director of Business Development,https://www.linkedin.com/jobs/view/3802801386/,United States (Remote),2024-01-20 23:48:28.952648
Sea Haven Industries,Accounting Assistant,https://www.linkedin.com/jobs/view/3810526545/,United States (Remote),2024-01-20 23:50:17.223044
Insight Global,Customer Service Collector,https://www.linkedin.com/jobs/view/3804129194/,Greater Orlando (Remote),2024-01-20 23:51:59.870399
Think Bigger PGFS,Office Administrator,https://www.linkedin.com/jobs/view/3802449028/,"Fort Worth, TX (Remote)",2024-01-20 23:53:48.313643
Hae CPG,Customer Service Associate,https://www.linkedin.com/jobs/view/3810284582/,New York City Metropolitan Area (Remote),2024-01-20 23:55:29.144122
FullStack PEO,Payroll Specialist,https://www.linkedin.com/jobs/view/3795157452/,"Indianapolis, IN (Remote)",2024-01-20 23:57:08.209786
AKGRE INC,Office Administrator,https://www.linkedin.com/jobs/view/3806663716/,"Illinois, United States (Remote)",2024-01-20 23:58:47.588814
The Johnson Group Inc.,Appointment Scheduler,https://www.linkedin.com/jobs/view/3801581306/,"Sacramento, CA (Remote)",2024-01-21 00:00:14.123142
Kelly,Remote English/Spanish Interpreters,https://www.linkedin.com/jobs/view/3788271552/,United States (Remote),2024-01-21 00:01:54.407677
Junxion Med Staffing,Payroll Specialist-Remote,https://www.linkedin.com/jobs/view/3795507436/,United States (Remote),2024-01-21 00:03:36.363623
Belpointe Asset Management,Billing Specialist,https://www.linkedin.com/jobs/view/3808757612/,United States (Remote),2024-01-21 00:05:27.083697
Catena Solutions,Returns Specialist,https://www.linkedin.com/jobs/view/3809930572/,"Northbrook, IL (Remote)",2024-01-21 00:07:06.577173
Etleap,Customer Support Analyst,https://www.linkedin.com/jobs/view/3798678406/,"New York, NY (Remote)",2024-01-21 00:10:03.206290
GreenPearl,Appointment Setter / Administrative Assistant,https://www.linkedin.com/jobs/view/3807759546/,United States (Remote),2024-01-21 00:11:44.279022
nTech Workforce,Billing Analyst,https://www.linkedin.com/jobs/view/3806479252/,United States (Remote),2024-01-21 00:13:20.133717
NILLST LLC,Home Office Clerk,https://www.linkedin.com/jobs/view/3806877854/,United States (Remote),2024-01-21 00:14:46.280560
Brightway Insurance,Customer Service Representative (bilingual Spanish/English),https://www.linkedin.com/jobs/view/3784901583/,United States (Remote),2024-01-21 00:19:53.420622
SPECTRAFORCE,Customer Service Specialist,https://www.linkedin.com/jobs/view/3807794921/,"Waukegan, IL (Remote)",2024-01-21 00:21:48.538197
saveday,Client Operations Specialist,https://www.linkedin.com/jobs/view/3804577098/,"Austin, Texas Metropolitan Area (Remote)",2024-01-21 00:23:29.824229
SWAN Analytical USA,Direct Sales Representative,https://www.linkedin.com/jobs/view/3798680189/,"Orlando, FL (Remote)",2024-01-21 00:23:35.903674
"Edgewater Federal Solutions, Inc.",Payroll Analyst,https://www.linkedin.com/jobs/view/3804135593/,United States (Remote),2024-01-21 00:25:09.412420
1st Credentialing,Enrollment Coordinator,https://www.linkedin.com/jobs/view/3798669279/,United States (Remote),2024-01-21 00:26:51.295980
Agape Tile LLC,Data Entry Clerk,https://www.linkedin.com/jobs/view/3806473562/,United States (Remote),2024-01-21 00:28:24.454327
NILLST LLC,Home Office Clerk,https://www.linkedin.com/jobs/view/3804530710/,United States (Remote),2024-01-21 00:30:06.082443
"Quantum Real Estate Management, LLC AMO®",Data Entry Clerk,https://www.linkedin.com/jobs/view/3810562376/,United States (Remote),2024-01-21 00:31:45.730406
Deck Expressions,Customer Service Specialist,https://www.linkedin.com/jobs/view/3804542820/,United States (Remote),2024-01-21 00:33:22.461077
Spirovant Company,Customer Care Representative,https://www.linkedin.com/jobs/view/3810533269/,United States (Remote),2024-01-21 00:35:07.460700
Oula,Care Coordinator,https://www.linkedin.com/jobs/view/3808599241/,United States (Remote),2024-01-21 00:36:45.544739
Catena Solutions,Returns Specialist,https://www.linkedin.com/jobs/view/3809930572/,"Northbrook, IL (Remote)",2024-01-21 00:36:53.899097
Amerit Consulting,Prior Authorization Specialist,https://www.linkedin.com/jobs/view/3807784201/,"California, United States (Remote)",2024-01-21 00:38:24.261757
Ultimate Staffing,Relocation Specialist,https://www.linkedin.com/jobs/view/3798133862/,"Florida, United States (Remote)",2024-01-21 00:39:47.474363
Cato Networks,Sales Assistant,https://www.linkedin.com/jobs/view/3804448507/,"San Jose, CA (Remote)",2024-01-21 00:44:07.870537
Misen,Customer Success Specialist,https://www.linkedin.com/jobs/view/3799945016/,United States (Remote),2024-01-21 00:45:53.088044
Helplama,US-based Customer Support Representatives,https://www.linkedin.com/jobs/view/3801468817/,United States (Remote),2024-01-21 00:47:16.285141
"Metasys Technologies, Inc.",Accounting Clerk,https://www.linkedin.com/jobs/view/3806914833/,United States (Remote),2024-01-21 00:48:49.570356
Order.co,Operations Specialist,https://www.linkedin.com/jobs/view/3801737286/,"New York, NY (Remote)",2024-01-21 00:50:45.581543
Movable Ink,Client Experience Associate,https://www.linkedin.com/jobs/view/3810586350/,United States (Remote),2024-01-21 00:55:53.436003
Order.co,Operations Specialist,https://www.linkedin.com/jobs/view/3801737286/,"New York, NY (Remote)",2024-01-21 00:57:38.302125
Movable Ink,Client Experience Associate,https://www.linkedin.com/jobs/view/3810586350/,United States (Remote),2024-01-21 00:57:46.321637
Arbor,Operations Coordinator,https://www.linkedin.com/jobs/view/3805896365/,United States (Remote),2024-01-21 00:59:11.640594
Randstad,Financial Processor,https://www.linkedin.com/jobs/view/3807973847/,"Columbus, OH (Remote)",2024-01-21 01:00:54.347703
TRAXX Corporation,Customer Service Administrator,https://www.linkedin.com/jobs/view/3770196646/,"Pennsylvania, United States (Remote)",2024-01-21 01:02:36.256301
Cato Networks,Sales Assistant,https://www.linkedin.com/jobs/view/3804448507/,"San Jose, CA (Remote)",2024-01-21 01:02:43.790716
"Quantum Real Estate Management, LLC AMO®",Data Entry Clerk,https://www.linkedin.com/jobs/view/3810562376/,United States (Remote),2024-01-21 01:02:50.197931
"Shatzkin Systems, Inc.",Patient Data Integrity and Remediation Coordinator,https://www.linkedin.com/jobs/view/3783416410/,United States (Remote),2024-01-21 01:04:47.908610
BookBreak School Author Talk Series,Operations Associate for Children's Author Talk Program - Remote,https://www.linkedin.com/jobs/view/3799981598/,United States (Remote),2024-01-21 01:06:08.837663
Mercatalyst,Merchandise Coordinator,https://www.linkedin.com/jobs/view/3800474168/,United States (Remote),2024-01-21 01:07:57.668860
Talener,Data Quality Analyst,https://www.linkedin.com/jobs/view/3776693333/,"New York, NY (Remote)",2024-01-21 01:09:43.121719
TOMCATT SPORTS & BUSINESS SERVICES,Transcriptionist,https://www.linkedin.com/jobs/view/3803664724/,United States (Remote),2024-01-21 01:11:24.417686
"Agile Resources, Inc.",Customer Service Representative,https://www.linkedin.com/jobs/view/3806473430/,"Portland, Oregon Metropolitan Area (Remote)",2024-01-21 01:12:42.419859
Hae CPG,B2B Operations Coordinator,https://www.linkedin.com/jobs/view/3810287850/,"New York, NY (Remote)",2024-01-21 01:49:18.543655
The Bulleit Group,Account Coordinator,https://www.linkedin.com/jobs/view/3802307287/,United States (Remote),2024-01-21 01:49:25.545046
Estates Management Company,Entry Level Customer Relation Officer,https://www.linkedin.com/jobs/view/3807572476/,United States (Remote),2024-01-21 01:49:32.480684
Corso Marketing Group,West Coast Account Coordinator,https://www.linkedin.com/jobs/view/3792245021/,Los Angeles Metropolitan Area (Remote),2024-01-21 01:50:14.700935
Belpointe Asset Management,Billing Specialist,https://www.linkedin.com/jobs/view/3808757612/,United States (Remote),2024-01-21 01:50:21.284091
Strategis,Account Coordinator,https://www.linkedin.com/jobs/view/3803069116/,United States (Remote),2024-01-21 01:50:28.493467
Insight Global,Customer Service Collector,https://www.linkedin.com/jobs/view/3804129194/,Greater Orlando (Remote),2024-01-21 01:50:35.659886
Sea Haven Industries,Accounting Assistant,https://www.linkedin.com/jobs/view/3810526545/,United States (Remote),2024-01-21 01:50:42.260580
Alacriti,Accounts Payable Specialist,https://www.linkedin.com/jobs/view/3801120236/,United States (Remote),2024-01-21 01:50:48.687438
Think Bigger PGFS,Office Administrator,https://www.linkedin.com/jobs/view/3802449028/,"Fort Worth, TX (Remote)",2024-01-21 01:52:34.542090
The Johnson Group Inc.,Appointment Scheduler,https://www.linkedin.com/jobs/view/3801581306/,"Sacramento, CA (Remote)",2024-01-21 01:52:41.357406
VIAS3D,Inside Sales Representative,https://www.linkedin.com/jobs/view/3798117342/,"North Carolina, United States (Remote)",2024-01-21 01:54:18.849092
1st Credentialing,Enrollment Coordinator,https://www.linkedin.com/jobs/view/3798669279/,United States (Remote),2024-01-21 01:54:25.773645
NILLST LLC,Home Office Clerk,https://www.linkedin.com/jobs/view/3806877854/,United States (Remote),2024-01-21 01:54:33.722294
Hunter Hamilton,Admissions Representative,https://www.linkedin.com/jobs/view/3799414878/,United States (Remote),2024-01-21 01:54:41.027155
AKGRE INC,Office Administrator,https://www.linkedin.com/jobs/view/3806663716/,"Illinois, United States (Remote)",2024-01-21 01:54:48.518561
Agape Tile LLC,Data Entry Clerk,https://www.linkedin.com/jobs/view/3806473562/,United States (Remote),2024-01-21 01:54:56.710391
NILLST LLC,Home Office Clerk,https://www.linkedin.com/jobs/view/3804530710/,United States (Remote),2024-01-21 01:55:04.415104
GreenPearl,Appointment Setter / Administrative Assistant,https://www.linkedin.com/jobs/view/3807759546/,United States (Remote),2024-01-21 01:55:11.498564
ServicePower,Home Appliance Service Representative,https://www.linkedin.com/jobs/view/3802321752/,"California, United States (Remote)",2024-01-21 01:56:49.021352
Next Shift Learning,Operations Associate,https://www.linkedin.com/jobs/view/3804115471/,"California, United States (Remote)",2024-01-21 01:58:17.568102
Fullbay,Customer Support Representative,https://www.linkedin.com/jobs/view/3805233272/,"Phoenix, AZ (Remote)",2024-01-21 01:59:59.024418
NW farm house,Customer Service Sales Specialist,https://www.linkedin.com/jobs/view/3802597888/,"Chula Vista, CA (Remote)",2024-01-21 02:01:46.261294
"Quantum Real Estate Management, LLC AMO®",Data Entry Clerk,https://www.linkedin.com/jobs/view/3810562376/,United States (Remote),2024-01-21 02:01:54.559273
Managed | Marketing Business Solutions,Administrative Assistant,https://www.linkedin.com/jobs/view/3800406777/,New York City Metropolitan Area (Remote),2024-01-21 02:03:24.166784
"IDR, Inc.",Eligibility Specialist,https://www.linkedin.com/jobs/view/3806439147/,United States (Remote),2024-01-21 02:05:09.890204
Atrium,Customer Service & Operations Associate (134529),https://www.linkedin.com/jobs/view/3801607826/,"New York, NY (Remote)",2024-01-21 02:05:16.049657
Lincoln Investment,Client Service Coordinator,https://www.linkedin.com/jobs/view/3784410701/,United States (Remote),2024-01-21 02:05:22.385343
Points North,Client Services Specialist,https://www.linkedin.com/jobs/view/3737631977/,Greater Minneapolis-St. Paul Area (Remote),2024-01-21 02:05:28.710256
Randstad,Medical Claims Rep,https://www.linkedin.com/jobs/view/3809224848/,"Oakland, CA (Remote)",2024-01-21 02:05:35.364317
Oula,Care Coordinator,https://www.linkedin.com/jobs/view/3808599241/,United States (Remote),2024-01-21 02:05:42.872515
Clincierge,Travel & Customer Service Coordinator (USA),https://www.linkedin.com/jobs/view/3705615992/,United States (Remote),2024-01-21 02:05:49.900300
Compri Consulting,Property Management System - Hotel Reservations System - On-boarding support,https://www.linkedin.com/jobs/view/3799215243/,Greater Phoenix Area (Remote),2024-01-21 02:09:26.358703
HOIST Fitness,Commercial Direct Sales Representatives,https://www.linkedin.com/jobs/view/3798176161/,United States (Remote),2024-01-21 02:09:32.758926
US Housing Consultants,Compliance Analyst - National Traveler,https://www.linkedin.com/jobs/view/3800986575/,United States (Remote),2024-01-21 02:09:38.779624
HLTHX,HLTHX Guide (REMOTE)New Mexico,https://www.linkedin.com/jobs/view/3799403961/,"New Mexico, United States (Remote)",2024-01-21 02:09:45.921211
C&E Industrial Services,Service Associate,https://www.linkedin.com/jobs/view/3798680462/,United States (Remote),2024-01-21 02:09:52.257953
Orbiss Inc.,Tax Associate – Individual Tax,https://www.linkedin.com/jobs/view/3799968645/,United States (Remote),2024-01-21 02:09:58.838822
tkdesignassociates,Marketing Copywriter,https://www.linkedin.com/jobs/view/3781348660/,United States (Remote),2024-01-21 02:10:04.140482
GForce Life Sciences,Contract Administrator,https://www.linkedin.com/jobs/view/3808754104/,United States (Remote),2024-01-21 02:13:36.387461
Academy Travel,Independent Travel Agent,https://www.linkedin.com/jobs/view/3725504137/,United States (Remote),2024-01-21 02:13:42.787913
"Agile Resources, Inc.",Outreach & Engagement Coordinator,https://www.linkedin.com/jobs/view/3804123039/,United States (Remote),2024-01-21 02:13:49.669905
"Vector Consulting, Inc","Eligibility Specialist- Atlanta, GA(Remote)",https://www.linkedin.com/jobs/view/3804364432/,"Atlanta, GA (Remote)",2024-01-21 02:13:54.999704
Restaurant365,Payroll Operations (ACH) Specialist,https://www.linkedin.com/jobs/view/3802334973/,United States (Remote),2024-01-21 02:14:02.180638
Gary Sinise Foundation,Development Associate,https://www.linkedin.com/jobs/view/3806454716/,United States (Remote),2024-01-21 02:14:09.292600
U.S. Retirement & Benefits Partners,Participant Services Associate,https://www.linkedin.com/jobs/view/3810528308/,United States (Remote),2024-01-21 02:14:15.928621
"Agile Resources, Inc.",Engagement and Outreach Coordinator,https://www.linkedin.com/jobs/view/3804573218/,Washington DC-Baltimore Area (Remote),2024-01-21 02:17:51.174822
PearlX,Solar Enrollment Specialist,https://www.linkedin.com/jobs/view/3792270577/,"California, United States (Remote)",2024-01-21 02:17:57.221357
Onward Search,Account Coordinator [73584],https://www.linkedin.com/jobs/view/3807394615/,"Florida, United States (Remote)",2024-01-21 02:18:03.444503
HARO SERVICES,Service Specialist,https://www.linkedin.com/jobs/view/3756049254/,"San Diego County, CA (Remote)",2024-01-21 02:18:09.147554
Regenexx Corporate Program,Billing Specialist,https://www.linkedin.com/jobs/view/3743036970/,"Des Moines, IA (Remote)",2024-01-21 02:18:16.003780
Vallum Associates,Inside Sales Representative - 100% Remote,https://www.linkedin.com/jobs/view/3807724865/,"Massachusetts, United States (Remote)",2024-01-21 02:18:21.954360
Trius Lending Partners,Loan Intake Processor,https://www.linkedin.com/jobs/view/3809765636/,United States (Remote),2024-01-21 02:18:28.963652
Trulieve,Wholesale Operations Analyst,https://www.linkedin.com/jobs/view/3807323017/,"Pennsylvania, United States (Remote)",2024-01-21 02:25:44.301058
Regenexx Corporate Program,Billing Specialist,https://www.linkedin.com/jobs/view/3743021206/,"Des Moines, IA (Remote)",2024-01-21 02:25:51.186203
"AIB International, Inc","Associate, Certification Services and Reports",https://www.linkedin.com/jobs/view/3805429897/,United States (Remote),2024-01-21 02:25:57.982524
Beyond Finance,Inside Sales Representative (Remote),https://www.linkedin.com/jobs/view/3768482511/,"Phoenix, AZ (Remote)",2024-01-21 02:26:04.142351
Sparks Group,"[REMOTE] Contracts Analyst, Talent Rights",https://www.linkedin.com/jobs/view/3802907184/,United States (Remote),2024-01-21 02:26:11.083002
Beyond Finance,Inside Sales Representative (Remote),https://www.linkedin.com/jobs/view/3768480690/,"Fort Lauderdale, FL (Remote)",2024-01-21 02:26:17.538056
O-I,"Area Environmental Administrator, North America",https://www.linkedin.com/jobs/view/3806620568/,"Perrysburg, OH (Remote)",2024-01-21 02:26:23.914080
InformData,Administrative Coordinator,https://www.linkedin.com/jobs/view/3804574440/,United States (Remote),2024-01-21 02:29:52.527859
Onward Search,Freelance Account Coordinator [73584],https://www.linkedin.com/jobs/view/3808551574/,"Needham, MA (Remote)",2024-01-21 02:29:57.953976
BroadPath,Provider Network Data Management Representative.,https://www.linkedin.com/jobs/view/3805201517/,United States (Remote),2024-01-21 02:30:03.908616
Texana Bank,REMLO (part-time junior referring loan officer),https://www.linkedin.com/jobs/view/3786163539/,United States (Remote),2024-01-21 02:30:09.694529
Crowell & Moring,Conflicts Information Specialist,https://www.linkedin.com/jobs/view/3803042530/,"Washington, DC (Remote)",2024-01-21 02:30:15.148234
Amerit Consulting,"Remote Role [Bilingual customer Service Rep] - Rancho Cordova, CA",https://www.linkedin.com/jobs/view/3802770965/,"Sacramento County, CA (Remote)",2024-01-21 02:30:20.861807
General Indemnity Group,Junior Accountant,https://www.linkedin.com/jobs/view/3808535902/,United States (Remote),2024-01-21 02:30:27.389242
Sleek Technologies,Driver Engagement Representative,https://www.linkedin.com/jobs/view/3804580475/,"Illinois, United States (Remote)",2024-01-21 02:33:55.543498
ISBI 360,Ticket Sales Representative,https://www.linkedin.com/jobs/view/3773568869/,United States (Remote),2024-01-21 02:34:00.978119
Stratus,EEG Continuous Monitoring Specialist - PT,https://www.linkedin.com/jobs/view/3809582015/,United States (Remote),2024-01-21 02:34:06.453616
Beyond Finance,Inside Sales Representative,https://www.linkedin.com/jobs/view/3723946018/,United States (Remote),2024-01-21 02:34:12.017288
International Consortium of Investigative Journalists (ICIJ),Grants compliance coordinator,https://www.linkedin.com/jobs/view/3796346655/,United States (Remote),2024-01-21 02:34:18.299371
Precision For Medicine,Inside Sales and Campaign Associate,https://www.linkedin.com/jobs/view/3803038391/,United States (Remote),2024-01-21 02:34:24.519371
SWAN Analytical USA,Direct Sales Representative,https://www.linkedin.com/jobs/view/3798680189/,"Orlando, FL (Remote)",2024-01-21 02:34:32.308407
Quadra Ingredients,"Inside Sales Representative, Health",https://www.linkedin.com/jobs/view/3802412772/,"Chicago, IL (Remote)",2024-01-21 02:38:09.418789
Partners Personnel,Inside Sales Representative,https://www.linkedin.com/jobs/view/3792960270/,"Arizona, United States (Remote)",2024-01-21 02:38:15.674271
Javara,Account Development Representative,https://www.linkedin.com/jobs/view/3804808159/,United States (Remote),2024-01-21 02:38:22.199399
HD Supply,Field Account Representative,https://www.linkedin.com/jobs/view/3806888159/,"Connecticut, United States (Remote)",2024-01-21 02:38:29.111660
LHH,Accounts Payable Coordinator - NetSuite experience desired,https://www.linkedin.com/jobs/view/3801121044/,"Chicago, IL (Remote)",2024-01-21 02:38:35.869815
Aspen Dental,Facilities Management Coordinator,https://www.linkedin.com/jobs/view/3799938766/,United States (Remote),2024-01-21 02:38:42.349243
Reign Staffing,Inpatient Coder,https://www.linkedin.com/jobs/view/3810597923/,United States (Remote),2024-01-21 02:38:47.658866
We Are Royale,Business Development Coordinator,https://www.linkedin.com/jobs/view/3798818243/,"California, United States (Remote)",2024-01-21 02:45:28.015591
First American Home Warranty,Inside Sales Representative,https://www.linkedin.com/jobs/view/3804102379/,United States (Remote),2024-01-21 02:45:33.821218
"Konnect Resources, LLC",Automotive Claims Representative,https://www.linkedin.com/jobs/view/3809231085/,United States (Remote),2024-01-21 02:45:40.653378
Quick Test Lab Diagnostics,Mobile Phlebotomist,https://www.linkedin.com/jobs/view/3762625541/,"Spring Hill, FL (Remote)",2024-01-21 02:45:48.196741
Leroy Freelon Jr.,Financial Services Associate,https://www.linkedin.com/jobs/view/3806495298/,"Los Angeles, CA (Remote)",2024-01-21 02:45:53.877311
Simple Land Sell LLC,Real-Estate Acquisitions Coordinator - Salary & Commission!,https://www.linkedin.com/jobs/view/3805700634/,United States (Remote),2024-01-21 02:46:00.035694
"CPS, Inc.",Media Billing Specialist --Fully Remote Potential(Have To Be Local To Area),https://www.linkedin.com/jobs/view/3799893904/,"Fort Worth, TX (Remote)",2024-01-21 02:46:06.771305
Beyond Finance,Inside Sales Representative (Remote),https://www.linkedin.com/jobs/view/3768481629/,"Tempe, AZ (Remote)",2024-01-21 02:49:39.666850
Turnitin,Technical Support Representative - Tier 1 (Portuguese Speaking) - USA Remote,https://www.linkedin.com/jobs/view/3794636299/,"Dallas, TX (Remote)",2024-01-21 02:49:46.705370
"Metasys Technologies, Inc.",Accounting Clerk,https://www.linkedin.com/jobs/view/3806914833/,United States (Remote),2024-01-21 02:49:54.789043
U.S. Retirement & Benefits Partners,Participant Services Associate,https://www.linkedin.com/jobs/view/3810528308/,United States (Remote),2024-01-21 02:50:00.501276
"PENN Entertainment, Inc",Accounts Payable Senior Specialist,https://www.linkedin.com/jobs/view/3809920440/,"Wyomissing, PA (Remote)",2024-01-21 02:50:06.125000
"IDR, Inc.",State Eligibility Specialist,https://www.linkedin.com/jobs/view/3806432911/,United States (Remote),2024-01-21 02:50:12.798415
Vericast,Customer Care Specialist I (Contract to Hire),https://www.linkedin.com/jobs/view/3809954425/,"San Antonio, TX (Remote)",2024-01-21 02:50:19.942168
Beyond Finance,Bilingual Inside Sales Representative (Remote),https://www.linkedin.com/jobs/view/3768485273/,"San Antonio, TX (Remote)",2024-01-21 02:53:53.356341
RpCapital,Sales Development Representative,https://www.linkedin.com/jobs/view/3807794426/,United States (Remote),2024-01-21 02:54:00.142467
LHH,Master Data Analyst,https://www.linkedin.com/jobs/view/3788929591/,"Dallas, TX (Remote)",2024-01-21 02:54:05.691861
Jobot,100% REMOTE Staff Accountant,https://www.linkedin.com/jobs/view/3808861648/,"New York, NY (Remote)",2024-01-21 02:54:11.273033
"Manning Personnel Group, Inc.",Administrative Coordinator,https://www.linkedin.com/jobs/view/3802165978/,"Boston, MA (Remote)",2024-01-21 02:54:17.997081
HustleWing - Side hustles for professionals,Lead Generation,https://www.linkedin.com/jobs/view/3810262367/,United States (Remote),2024-01-21 02:54:24.491087
Beyond Finance,Bilingual Customer Service Representative,https://www.linkedin.com/jobs/view/3757808410/,United States (Remote),2024-01-21 02:54:31.364726
Vericast,Shared Mail Media Broker – Independent Sales Contractor – Remote,https://www.linkedin.com/jobs/view/3759631843/,"Portland, OR (Remote)",2024-01-21 02:58:12.083386
Vericast,Shared Mail Media Broker – Independent Sales Contractor – Remote,https://www.linkedin.com/jobs/view/3759631845/,"Baltimore, MD (Remote)",2024-01-21 02:58:18.161635
Vericast,Shared Mail Media Broker – Independent Sales Contractor – Remote,https://www.linkedin.com/jobs/view/3770703766/,"Louisville, KY (Remote)",2024-01-21 02:58:25.283321
JCW,Tax Associate,https://www.linkedin.com/jobs/view/3798350979/,New York City Metropolitan Area (Remote),2024-01-21 02:58:30.830303
JCW,Tax Preparer,https://www.linkedin.com/jobs/view/3762621036/,United States (Remote),2024-01-21 02:58:36.559004
Nxt Level,Bilingual Customer Service Representative,https://www.linkedin.com/jobs/view/3809552544/,Los Angeles Metropolitan Area (Remote),2024-01-21 02:58:42.449473
Wally Health,Customer Experience Associate,https://www.linkedin.com/jobs/view/3798843073/,"New York, NY (Remote)",2024-01-21 02:58:49.272632
Insight Global,Vascular Medical Coder,https://www.linkedin.com/jobs/view/3804100291/,"Baltimore, MD (Remote)",2024-01-21 03:07:01.872132
Oscar Health,"Program Associate, Market Readiness",https://www.linkedin.com/jobs/view/3809792200/,United States (Remote),2024-01-21 03:07:08.170154
Old Republic Inland Marine,Operations Analyst,https://www.linkedin.com/jobs/view/3769037540/,United States (Remote),2024-01-21 03:07:15.177212
Beyond Finance,Inside Sales Representative (Remote),https://www.linkedin.com/jobs/view/3768482507/,"Dallas, TX (Remote)",2024-01-21 03:07:21.851559
Guideline Healthcare,Behavioral Therapist - Remote,https://www.linkedin.com/jobs/view/3806479359/,United States (Remote),2024-01-21 03:07:28.292398
"Emparion, LLC",Defined Benefit Plan Administrator,https://www.linkedin.com/jobs/view/3747072327/,United States (Remote),2024-01-21 03:07:34.775505
Forsta,Facilities/Security Guard,https://www.linkedin.com/jobs/view/3723354683/,"South Bend, IN (Remote)",2024-01-21 03:07:40.146967
Environmental Protection Network,Community Outreach Associate,https://www.linkedin.com/jobs/view/3801107446/,United States (Remote),2024-01-21 03:11:14.665088
iProspect,"Senior Associate, Commerce & Retail Media",https://www.linkedin.com/jobs/view/3749263728/,"New York, NY (Remote)",2024-01-21 03:11:21.170802
Vericast,Client Coordinator (Remote),https://www.linkedin.com/jobs/view/3809241275/,"Livonia, MI (Remote)",2024-01-21 03:11:28.184105
"Butterball, LLC",Compliance Analyst,https://www.linkedin.com/jobs/view/3796726245/,United States (Remote),2024-01-21 03:11:34.430192
Imagine H2O,Program Associate,https://www.linkedin.com/jobs/view/3803094498/,United States (Remote),2024-01-21 03:11:39.712810
US Housing Consultants,Compliance Analyst,https://www.linkedin.com/jobs/view/3800980907/,United States (Remote),2024-01-21 03:11:45.114117
Proliant,Payroll Implementation Support Specialist,https://www.linkedin.com/jobs/view/3801318981/,United States (Remote),2024-01-21 03:11:50.450568
Aimic Inc,Patient Account Representative,https://www.linkedin.com/jobs/view/3798649321/,United States (Remote),2024-01-21 03:15:19.751952
Wally Health,Customer Experience Associate,https://www.linkedin.com/jobs/view/3798843073/,"New York, NY (Remote)",2024-01-21 03:15:25.222792
Parsley Health,Referral & Prior Authorization Associate,https://www.linkedin.com/jobs/view/3810595121/,"New York, United States (Remote)",2024-01-21 03:15:31.076952
Brighton Health Plan Solutions,Customer Service Representative,https://www.linkedin.com/jobs/view/3751146988/,United States (Remote),2024-01-21 03:15:37.526827
HMG Careers,Data Entry Clerk,https://www.linkedin.com/jobs/view/3810483008/,United States (Remote),2024-01-21 03:15:45.645041
Blue Signal Search,Insurance Verification Specialist,https://www.linkedin.com/jobs/view/3740208920/,United States (Remote),2024-01-21 03:15:51.821542
Synectics Inc.,Security Compliance Coordinator,https://www.linkedin.com/jobs/view/3809458471/,"New Brunswick, NJ (Remote)",2024-01-21 03:15:57.566912
Nymbl Systems,Medical Billing/AR Specialist (Remote),https://www.linkedin.com/jobs/view/3799096916/,United States (Remote),2024-01-21 03:19:26.720772
Walden University,Enrollment Specialist,https://www.linkedin.com/jobs/view/3797041559/,United States (Remote),2024-01-21 03:19:32.681772
Solomon Page,eCommerce Operations Analyst,https://www.linkedin.com/jobs/view/3803085806/,"San Francisco, CA (Remote)",2024-01-21 03:19:39.194306
"IDR, Inc.",Eligibility Specialist,https://www.linkedin.com/jobs/view/3804821840/,United States (Remote),2024-01-21 03:19:46.143683
Advanced Recruiting Partners,Clinical Trial Assistant,https://www.linkedin.com/jobs/view/3791796899/,United States (Remote),2024-01-21 03:19:52.283160
Medallion,AR / AP Analyst,https://www.linkedin.com/jobs/view/3799930197/,United States (Remote),2024-01-21 03:19:58.020601
Randstad,Customer Service Representative,https://www.linkedin.com/jobs/view/3795570655/,"Marlborough, MA (Remote)",2024-01-21 03:20:03.268190
Lone Peak Dental Group,Front Desk Coordinator,https://www.linkedin.com/jobs/view/3808512937/,United States (Remote),2024-01-21 03:28:32.180163
Stova,Staff Accountant,https://www.linkedin.com/jobs/view/3787228531/,United States (Remote),2024-01-21 03:28:38.051279
Brewer Morris,Senior Tax Associate,https://www.linkedin.com/jobs/view/3808816502/,United States (Remote),2024-01-21 03:28:43.969067
Keenan,Sr. Pharmacy Benefit Analyst,https://www.linkedin.com/jobs/view/3799807204/,United States (Remote),2024-01-21 03:28:50.372053
Crump Life Insurance Services,Sales Support Associate,https://www.linkedin.com/jobs/view/3798680197/,United States (Remote),2024-01-21 03:28:57.333118
CollegeAdvisor.com,Admissions Coordinator,https://www.linkedin.com/jobs/view/3760192906/,United States (Remote),2024-01-21 03:29:03.389008
HMP Global,Program/Project Manager,https://www.linkedin.com/jobs/view/3797290503/,United States (Remote),2024-01-21 03:29:09.653695
Mercatalyst,Merchandise Coordinator,https://www.linkedin.com/jobs/view/3800474168/,United States (Remote),2024-01-21 03:32:50.999467
Healthcare IS,FQHC Coder,https://www.linkedin.com/jobs/view/3780695549/,United States (Remote),2024-01-21 03:32:56.394468
Acentra Health,Customer Service Representative (Remote U.S.),https://www.linkedin.com/jobs/view/3760359898/,United States (Remote),2024-01-21 03:33:02.325408
Union of Concerned Scientists,Outreach Coordinator,https://www.linkedin.com/jobs/view/3784944580/,"Washington, DC (Remote)",2024-01-21 03:33:08.788516
1A Auto,E-Mail/Chat Customer Service Representative,https://www.linkedin.com/jobs/view/3804267547/,"Nashua, NH (Remote)",2024-01-21 03:33:14.835304
Cato Networks,Customer Care Specialist East,https://www.linkedin.com/jobs/view/3804447606/,"Boston, MA (Remote)",2024-01-21 03:33:20.978089
Insight Global,Remote Zendesk Call Center,https://www.linkedin.com/jobs/view/3804810252/,United States (Remote),2024-01-21 03:33:26.974330
Insight Global,Automotive Customer Service Rep,https://www.linkedin.com/jobs/view/3802417629/,United States (Remote),2024-01-21 03:38:36.375893
HMP Global,Program/Project Manager,https://www.linkedin.com/jobs/view/3797290503/,United States (Remote),2024-01-21 03:39:27.421883
Agape Tile LLC,Data Entry Clerk,https://www.linkedin.com/jobs/view/3806473562/,United States (Remote),2024-01-21 13:11:52.431583
The Select Group,Data Entry Specialist,https://www.linkedin.com/jobs/view/3810364144/,United States (Remote),2024-01-21 13:12:00.040818
24 Seven Talent,Data Entry Specialist,https://www.linkedin.com/jobs/view/3791751300/,United States (Remote),2024-01-21 13:12:07.521635
Happy Vibes Travel,Booking Coordinator (REMOTE),https://www.linkedin.com/jobs/view/3811313639/,"Eugene, OR (Remote)",2024-01-21 13:13:35.745333
Arbor,Operations Coordinator,https://www.linkedin.com/jobs/view/3805896365/,United States (Remote),2024-01-21 13:13:42.428057
Bold Business,Data Entry Agent,https://www.linkedin.com/jobs/view/3798897133/,"California, California, United States (Remote)",2024-01-21 13:15:29.117171
LaSalle Network,Temporary Entry-Level Data Entry,https://www.linkedin.com/jobs/view/3798812280/,"Chicago, IL (Remote)",2024-01-21 13:15:36.698092
Concierge Travel,Online Hotel Reservationist,https://www.linkedin.com/jobs/view/3811182544/,United States (Remote),2024-01-21 13:17:21.928807
Positive Development,Scheduling Coordinator,https://www.linkedin.com/jobs/view/3803499038/,United States (Remote),2024-01-21 13:19:02.558146
Helplama,US-based Customer Support Representatives,https://www.linkedin.com/jobs/view/3801468817/,United States (Remote),2024-01-21 13:19:09.782947
Think Bigger PGFS,Office Administrator,https://www.linkedin.com/jobs/view/3802449028/,"Fort Worth, TX (Remote)",2024-01-21 13:20:53.431239
"Reliance One, Inc.",Chat Agent,https://www.linkedin.com/jobs/view/3806473680/,United States (Remote),2024-01-21 13:22:40.039353
HMG Careers,Data Entry Specialist,https://www.linkedin.com/jobs/view/3810732853/,"New York, United States (Remote)",2024-01-21 13:24:25.856829
NILLST LLC,Home Office Clerk,https://www.linkedin.com/jobs/view/3806877854/,United States (Remote),2024-01-21 13:24:34.026263
PEG Staffing & Recruiting,Remote Office Assistant,https://www.linkedin.com/jobs/view/3808781682/,Greater St. Louis (Remote),2024-01-21 13:26:25.643556
SWAGGER,Operations Coordinator,https://www.linkedin.com/jobs/view/3774154099/,United States (Remote),2024-01-21 13:28:04.443228
American Income Life Insurance Company,Entry Level Customer Service - Work From Home,https://www.linkedin.com/jobs/view/3809999078/,"Sacramento, CA (Remote)",2024-01-21 13:29:49.805587
Strategis,Account Coordinator,https://www.linkedin.com/jobs/view/3803069116/,United States (Remote),2024-01-21 13:29:57.834149
NILLST LLC,Home Office Clerk,https://www.linkedin.com/jobs/view/3804530710/,United States (Remote),2024-01-21 13:30:04.624719
The Bulleit Group,Account Coordinator,https://www.linkedin.com/jobs/view/3802307287/,United States (Remote),2024-01-21 13:30:11.521298
ELLA Inspires Magazine,Customer Outreach Associate,https://www.linkedin.com/jobs/view/3711638365/,Dallas-Fort Worth Metroplex (Remote),2024-01-21 13:32:00.715961
AKGRE INC,Office Administrator,https://www.linkedin.com/jobs/view/3806663716/,"Illinois, United States (Remote)",2024-01-21 13:32:07.152506
Bellweather Agency,Part-Time Operations Assistant,https://www.linkedin.com/jobs/view/3803474721/,United States (Remote),2024-01-21 13:33:42.846366
Oula,Care Coordinator,https://www.linkedin.com/jobs/view/3808599241/,United States (Remote),2024-01-21 13:33:49.997245
GreenPearl,Appointment Setter / Administrative Assistant,https://www.linkedin.com/jobs/view/3807759546/,United States (Remote),2024-01-21 13:33:57.677687
1A Auto,E-Mail/Chat Customer Service Representative,https://www.linkedin.com/jobs/view/3804267547/,"Nashua, NH (Remote)",2024-01-21 13:37:08.633841
NILLST LLC,Home Office Clerk,https://www.linkedin.com/jobs/view/3806877854/,United States (Remote),2024-01-21 13:37:15.580536
Fullbay,Customer Support Representative,https://www.linkedin.com/jobs/view/3805233272/,"Phoenix, AZ (Remote)",2024-01-21 13:37:22.586852
SThree,Self-Billing Specialist,https://www.linkedin.com/jobs/view/3806491266/,"Houston, TX (Remote)",2024-01-21 13:39:02.673771
Atrium,Customer Service Specialist (135042),https://www.linkedin.com/jobs/view/3792914975/,"New York, NY (Remote)",2024-01-21 13:40:25.737234
Clincierge,Travel & Customer Service Coordinator (USA),https://www.linkedin.com/jobs/view/3705615992/,United States (Remote),2024-01-21 13:44:42.814854
NILLST LLC,Home Office Clerk,https://www.linkedin.com/jobs/view/3804530710/,United States (Remote),2024-01-21 13:44:51.089322
C&E Industrial Services,Service Associate,https://www.linkedin.com/jobs/view/3798680462/,United States (Remote),2024-01-21 13:45:33.954938
PearlX,Solar Enrollment Specialist,https://www.linkedin.com/jobs/view/3792270577/,"California, United States (Remote)",2024-01-21 13:46:17.340437
InformData,Administrative Coordinator,https://www.linkedin.com/jobs/view/3804574440/,United States (Remote),2024-01-21 13:47:00.903817
ServicePower,Home Appliance Service Representative,https://www.linkedin.com/jobs/view/3802321752/,"California, United States (Remote)",2024-01-21 13:47:07.535099
Sea Haven Industries,Accounting Assistant,https://www.linkedin.com/jobs/view/3810526545/,United States (Remote),2024-01-21 13:47:15.501101
New American Funding,Real Estate Lease Coordinator,https://www.linkedin.com/jobs/view/3806622054/,"Tustin, CA (Remote)",2024-01-21 13:47:56.623609
Clarity Recruiting,Operations Assistant,https://www.linkedin.com/jobs/view/3799081774/,"New York, NY (Remote)",2024-01-21 13:48:40.411897
Harland Clarke Customer Engagement Solutions,Contact Center Training Operation Specialist,https://www.linkedin.com/jobs/view/3808756296/,"San Antonio, TX (Remote)",2024-01-21 13:49:23.298301
silkgrassfarms,Receptionist,https://www.linkedin.com/jobs/view/3790572034/,"Florida, United States (Remote)",2024-01-21 13:50:03.813005
Edged,Billing Specialist,https://www.linkedin.com/jobs/view/3802554094/,United States (Remote),2024-01-21 13:50:48.961282
SWAGGER,Operations Coordinator,https://www.linkedin.com/jobs/view/3774154099/,United States (Remote),2024-01-21 13:50:55.383460
24 Seven Talent,Administrative Assistant,https://www.linkedin.com/jobs/view/3798667826/,United States (Remote),2024-01-21 13:51:40.632681
Cato Networks,Customer Care Specialist East,https://www.linkedin.com/jobs/view/3804447606/,"Boston, MA (Remote)",2024-01-21 13:52:20.051969
SPECTRAFORCE,Customer Service Specialist,https://www.linkedin.com/jobs/view/3807794921/,"Waukegan, IL (Remote)",2024-01-21 13:52:27.791803
Randstad,Medical Claims Rep,https://www.linkedin.com/jobs/view/3809224848/,"Oakland, CA (Remote)",2024-01-21 13:53:13.076588
"Manning Personnel Group, Inc.",Administrative Coordinator,https://www.linkedin.com/jobs/view/3802165978/,"Boston, MA (Remote)",2024-01-21 13:53:58.372392
The Select Group,Data Entry Specialist,https://www.linkedin.com/jobs/view/3810364144/,United States (Remote),2024-01-21 13:54:06.448367
Brave Thinking Institute,Client Coordinator,https://www.linkedin.com/jobs/view/3808995502/,"Las Vegas, NV (Remote)",2024-01-21 13:54:52.800031
SWAGGER,Operations Coordinator,https://www.linkedin.com/jobs/view/3774154099/,United States (Remote),2024-01-21 13:56:29.066710
Vericast,Client Coordinator (Remote),https://www.linkedin.com/jobs/view/3809241275/,"Livonia, MI (Remote)",2024-01-21 13:57:12.573314
"Reliance One, Inc.",Chat Agent,https://www.linkedin.com/jobs/view/3806473680/,United States (Remote),2024-01-21 13:57:20.306950
TRAXX Corporation,Customer Service Administrator,https://www.linkedin.com/jobs/view/3770196646/,"Pennsylvania, United States (Remote)",2024-01-21 13:57:28.243806
Atrium,Customer Service Specialist (135042),https://www.linkedin.com/jobs/view/3792914975/,"New York, NY (Remote)",2024-01-21 13:57:35.290673
Calculated Hire,Billing Coordinator,https://www.linkedin.com/jobs/view/3803089876/,United States (Remote),2024-01-21 13:58:19.201439
Apexon,Surge Support (Eligibility),https://www.linkedin.com/jobs/view/3806492970/,United States (Remote),2024-01-21 13:58:59.562907
Beyond Finance,Inside Sales Representative (Remote),https://www.linkedin.com/jobs/view/3768481629/,"Tempe, AZ (Remote)",2024-01-21 13:59:39.687656
PearlX,Solar Enrollment Specialist,https://www.linkedin.com/jobs/view/3792270577/,"California, United States (Remote)",2024-01-21 14:00:24.809489
Cornerstone Building Brands,Field Service Representative,https://www.linkedin.com/jobs/view/3801732895/,"Houston, TX (Remote)",2024-01-21 14:01:08.747722
Hae CPG,B2B Operations Coordinator,https://www.linkedin.com/jobs/view/3810287850/,"New York, NY (Remote)",2024-01-21 14:01:16.497170
ServicePower,Home Appliance Service Representative,https://www.linkedin.com/jobs/view/3802321752/,"California, United States (Remote)",2024-01-21 14:01:24.605853
New American Funding,Real Estate Lease Coordinator,https://www.linkedin.com/jobs/view/3806622054/,"Tustin, CA (Remote)",2024-01-21 14:02:07.264817
"Agero, Inc.",Client Services Specialist,https://www.linkedin.com/jobs/view/3797074339/,United States (Remote),2024-01-21 14:02:48.796407
Points North,Client Services Specialist,https://www.linkedin.com/jobs/view/3737631977/,Greater Minneapolis-St. Paul Area (Remote),2024-01-21 14:03:32.000108
1A Auto,E-Mail/Chat Customer Service Representative,https://www.linkedin.com/jobs/view/3804267547/,"Nashua, NH (Remote)",2024-01-21 14:03:39.246911
TalentoHC,Credit Card Clerk,https://www.linkedin.com/jobs/view/3800594862/,United States (Remote),2024-01-21 14:04:19.857440
Acentra Health,Customer Service Representative (Remote - Bilingual),https://www.linkedin.com/jobs/view/3670932942/,United States (Remote),2024-01-21 14:05:02.637419
"Manning Personnel Group, Inc.",Administrative Coordinator,https://www.linkedin.com/jobs/view/3802165978/,"Boston, MA (Remote)",2024-01-21 14:05:48.688146
Order.co,Accounts Receivable Analyst (Part-Time),https://www.linkedin.com/jobs/view/3803491724/,"New York, NY (Remote)",2024-01-21 14:06:31.328515
24 Seven Talent,Administrative Assistant,https://www.linkedin.com/jobs/view/3798667826/,United States (Remote),2024-01-21 14:07:15.551247
Acentra Health,Customer Service Representative (Remote U.S.),https://www.linkedin.com/jobs/view/3760359898/,United States (Remote),2024-01-21 14:07:57.452115
Mercatalyst,Merchandise Coordinator,https://www.linkedin.com/jobs/view/3800474168/,United States (Remote),2024-01-21 14:08:04.402019
Aimic Inc,Patient Account Representative,https://www.linkedin.com/jobs/view/3798649321/,United States (Remote),2024-01-21 14:08:48.064191
Insight Global,Remote Zendesk Call Center,https://www.linkedin.com/jobs/view/3804810252/,United States (Remote),2024-01-21 14:09:25.757668
"Agile Resources, Inc.",Engagement and Outreach Coordinator,https://www.linkedin.com/jobs/view/3804573218/,Washington DC-Baltimore Area (Remote),2024-01-21 14:11:39.620787
"Vector Consulting, Inc","Eligibility Specialist- Atlanta, GA(Remote)",https://www.linkedin.com/jobs/view/3804364432/,"Atlanta, GA (Remote)",2024-01-21 14:12:19.594024
Trulieve,Wholesale Operations Analyst,https://www.linkedin.com/jobs/view/3807323017/,"Pennsylvania, United States (Remote)",2024-01-21 14:13:03.451783
GForce Life Sciences,Contract Administrator,https://www.linkedin.com/jobs/view/3808754104/,United States (Remote),2024-01-21 14:13:45.901446
Onward Search,Account Coordinator [73585],https://www.linkedin.com/jobs/view/3808530907/,United States (Remote),2024-01-21 14:14:31.157798
Vallum Associates,Inside Sales Representative - 100% Remote,https://www.linkedin.com/jobs/view/3807724865/,"Massachusetts, United States (Remote)",2024-01-21 14:15:16.296391
Insight Global,Workday Payroll Analyst,https://www.linkedin.com/jobs/view/3804162186/,United States (Remote),2024-01-21 14:15:58.976817
Sparks Group,"[REMOTE] Contracts Analyst, Talent Rights",https://www.linkedin.com/jobs/view/3802907184/,United States (Remote),2024-01-21 14:16:41.833958
GP Strategies Corporation,North America Payroll Specialist - Remote,https://www.linkedin.com/jobs/view/3806831117/,"Columbia, MD (Remote)",2024-01-21 14:17:24.078068
Guardant Health,Client Services Associate [EG],https://www.linkedin.com/jobs/view/3796727310/,"Palo Alto, CA (Remote)",2024-01-21 14:18:11.248884
Lexitas Legal Talent Outsourcing,Contract Administrator,https://www.linkedin.com/jobs/view/3800435558/,United States (Remote),2024-01-21 14:18:56.836599
Medallion,AR / AP Analyst,https://www.linkedin.com/jobs/view/3799930197/,United States (Remote),2024-01-21 14:19:37.538107
Managed | Marketing Business Solutions,Administrative Assistant,https://www.linkedin.com/jobs/view/3800406777/,New York City Metropolitan Area (Remote),2024-01-21 14:19:44.781386
Gary Sinise Foundation,Development Associate,https://www.linkedin.com/jobs/view/3806454716/,United States (Remote),2024-01-21 14:20:23.036695
Assembly Health,Credentialing Specialist,https://www.linkedin.com/jobs/view/3802816405/,United States (Remote),2024-01-21 14:21:08.033127
BCU,"Spec, Collections",https://www.linkedin.com/jobs/view/3788296704/,United States (Remote),2024-01-21 14:21:49.623958
"Keeper Security, Inc.",Bilingual (Spanish/English) B2B Customer Support Representative,https://www.linkedin.com/jobs/view/3783799485/,"Chicago, IL (Remote)",2024-01-21 14:22:27.187615
HLTHX,HLTHX Guide (REMOTE)New Mexico,https://www.linkedin.com/jobs/view/3799403961/,"New Mexico, United States (Remote)",2024-01-21 14:23:13.261610
Capgemini,Customer Service Representative,https://www.linkedin.com/jobs/view/3808288258/,United States (Remote),2024-01-21 14:23:58.279196
Cambridge Innovation Institute,Data Processing & Internet Research Associate,https://www.linkedin.com/jobs/view/3803232345/,"Massachusetts, United States (Remote)",2024-01-21 14:24:42.719653
LevelUP,Medical Billing and Collections specialist,https://www.linkedin.com/jobs/view/3802454687/,United States (Remote),2024-01-21 14:25:23.555537
Acentra Health,Customer Service Representative (Remote),https://www.linkedin.com/jobs/view/3732689224/,United States (Remote),2024-01-21 14:26:06.748110
Alpine Home Air,Customer Solutions Representative,https://www.linkedin.com/jobs/view/3808735421/,United States (Remote),2024-01-21 14:26:51.968899
Visionaire Partners,Digital Analyst (E-commerce/Marketing) - 100% Remote,https://www.linkedin.com/jobs/view/3792294007/,United States (Remote),2024-01-21 14:27:32.824042
Beyond Finance,Inside Sales Representative (Remote),https://www.linkedin.com/jobs/view/3768482507/,"Dallas, TX (Remote)",2024-01-21 14:28:17.926488
Onward Search,Account Coordinator [73584],https://www.linkedin.com/jobs/view/3807394615/,"Florida, United States (Remote)",2024-01-21 14:30:38.707492
NewtekOne (NASDAQ: NEWT),iSolved Payroll Customer Support Specialist I,https://www.linkedin.com/jobs/view/3794026640/,United States (Remote),2024-01-21 14:31:22.261255
"IDR, Inc.",Welfare Eligibility & Enrollment Specialist,https://www.linkedin.com/jobs/view/3806461123/,United States (Remote),2024-01-21 14:32:02.363833
Amaze ABA Therapy,Behavioral Health Technician,https://www.linkedin.com/jobs/view/3807784028/,"Georgia, United States (Remote)",2024-01-21 14:32:46.412595
ACU-Serve Corp.,DME Intake Referral Specialist,https://www.linkedin.com/jobs/view/3803479074/,United States (Remote),2024-01-21 14:33:26.917458
"IDR, Inc.",State Eligibility Specialist,https://www.linkedin.com/jobs/view/3806432911/,United States (Remote),2024-01-21 14:34:08.396397
Imagine H2O,Program Associate,https://www.linkedin.com/jobs/view/3803094498/,United States (Remote),2024-01-21 14:34:45.129559
Brighton Health Plan Solutions,Client Services Representative,https://www.linkedin.com/jobs/view/3808804054/,United States (Remote),2024-01-21 14:35:25.159103
Jones Networking,Legal Billing Coordinator,https://www.linkedin.com/jobs/view/3809708468/,Washington DC-Baltimore Area (Remote),2024-01-21 14:36:05.825097
"Keeper Security, Inc.",B2B Customer Support Representative,https://www.linkedin.com/jobs/view/3802319265/,"Chicago, IL (Remote)",2024-01-21 14:36:51.731667
Cato Networks,Sales Assistant,https://www.linkedin.com/jobs/view/3804448507/,"San Jose, CA (Remote)",2024-01-21 14:36:59.139175
U.S. Retirement & Benefits Partners,Participant Services Associate,https://www.linkedin.com/jobs/view/3810528308/,United States (Remote),2024-01-21 14:37:42.342167
Montegallo.,Executive Assistant,https://www.linkedin.com/jobs/view/3810296381/,"New York, United States (Remote)",2024-01-21 14:38:28.396886
Helplama,US-based Customer Support Representatives,https://www.linkedin.com/jobs/view/3801468817/,United States (Remote),2024-01-21 14:38:36.603263
The Intersect Group,Medical Biller,https://www.linkedin.com/jobs/view/3801104676/,"Phoenix, AZ (Remote)",2024-01-21 14:39:18.678716
Insight Global,Quality Assurance Coordinator,https://www.linkedin.com/jobs/view/3803679904/,"Tampa, FL (Remote)",2024-01-21 14:40:00.846702
Randstad,Customer Service Representative,https://www.linkedin.com/jobs/view/3795570655/,"Marlborough, MA (Remote)",2024-01-21 14:40:47.245901
Compass Health Center,Medical Coder,https://www.linkedin.com/jobs/view/3781732371/,Greater Chicago Area (Remote),2024-01-21 14:41:29.901637
Plona Partners,"Court & Docketing Clerk, Remote (AmLaw50)",https://www.linkedin.com/jobs/view/3810808341/,Washington DC-Baltimore Area (Remote),2024-01-21 14:42:12.168937
The Channel Company,Payroll Specialist,https://www.linkedin.com/jobs/view/3796570724/,United States (Remote),2024-01-21 14:42:54.300472
Proliant,Payroll Implementation Support Specialist,https://www.linkedin.com/jobs/view/3801318981/,United States (Remote),2024-01-21 14:43:36.446545
Allmand Law Firm PLLC,Legal Intake Specialist,https://www.linkedin.com/jobs/view/3803809973/,"Texas, United States (Remote)",2024-01-21 14:44:24.457829
CXO Healthcare Recruiting,Medical Coder,https://www.linkedin.com/jobs/view/3797492775/,United States (Remote),2024-01-21 14:45:08.194371
Proliant,Payroll Specialist,https://www.linkedin.com/jobs/view/3507641045/,United States (Remote),2024-01-21 14:45:52.218375
CSI Companies,Remote Risk Adjustment Coder,https://www.linkedin.com/jobs/view/3803217855/,United States (Remote),2024-01-21 14:46:35.287334
Spirovant Company,Customer Care Representative,https://www.linkedin.com/jobs/view/3810533269/,United States (Remote),2024-01-21 14:52:06.044332
Sun2o Partners,Development Associate,https://www.linkedin.com/jobs/view/3802319196/,United States (Remote),2024-01-21 14:52:49.150570
First American Home Warranty,Inside Sales Representative,https://www.linkedin.com/jobs/view/3804102379/,United States (Remote),2024-01-21 14:53:28.144382
Harvard Resource Solutions LLC,Sr. Customer Service Representative,https://www.linkedin.com/jobs/view/3805269931/,"Michigan, United States (Remote)",2024-01-21 14:54:08.772561
CBIZ Private Equity Advisory,Operations Analyst,https://www.linkedin.com/jobs/view/3776621595/,"Denver, CO (Remote)",2024-01-21 14:54:50.780224
Nava,Staff Accountant,https://www.linkedin.com/jobs/view/3804373192/,United States (Remote),2024-01-21 14:55:35.230695
Tailored Management,Intake Care Senior Representative,https://www.linkedin.com/jobs/view/3793911614/,"Bloomington, MN (Remote)",2024-01-21 14:56:19.080065
ServicePower,Home Appliance Service Representative,https://www.linkedin.com/jobs/view/3802321752/,"California, United States (Remote)",2024-01-21 14:56:25.450844
LaSalle Network,Temporary Entry-Level Data Entry,https://www.linkedin.com/jobs/view/3798812280/,"Chicago, IL (Remote)",2024-01-21 14:56:33.195889
Vaco,Staff Accountant - $60-65K Mostly Remote (1 day/month),https://www.linkedin.com/jobs/view/3803031419/,"Tampa, FL (Remote)",2024-01-21 14:57:14.904808
Insight Global,Certified Medical Coder,https://www.linkedin.com/jobs/view/3801132823/,Los Angeles Metropolitan Area (Remote),2024-01-21 14:57:58.784392
Next Shift Learning,Operations Associate,https://www.linkedin.com/jobs/view/3804115471/,"California, United States (Remote)",2024-01-21 14:58:05.223919
Mothers Out Front,Operations Associate,https://www.linkedin.com/jobs/view/3809965034/,United States (Remote),2024-01-21 14:58:45.614208
Deck Expressions,Customer Service Specialist,https://www.linkedin.com/jobs/view/3804542820/,United States (Remote),2024-01-21 14:58:52.741895
Clincierge,Travel & Customer Service Coordinator (USA),https://www.linkedin.com/jobs/view/3705615992/,United States (Remote),2024-01-21 14:59:00.147439
Edged,Billing Specialist,https://www.linkedin.com/jobs/view/3802554094/,United States (Remote),2024-01-21 14:59:42.387663
Recruiting Solutions,Remote Denials Specialist,https://www.linkedin.com/jobs/view/3803064733/,United States (Remote),2024-01-21 15:00:26.431288
Maven Clinic,Member Services Associate,https://www.linkedin.com/jobs/view/3804176358/,United States (Remote),2024-01-21 15:01:11.428241
LevelUP,Hospital Billing and Collections Associate,https://www.linkedin.com/jobs/view/3790343270/,United States (Remote),2024-01-21 15:01:53.958386
Kranz Consulting,Accounts Payable Specialist,https://www.linkedin.com/jobs/view/3802422691/,United States (Remote),2024-01-21 15:02:35.714982
Bluebird Staffing,Clinical Reimbursement Specialist,https://www.linkedin.com/jobs/view/3790064158/,United States (Remote),2024-01-21 15:03:15.826348
TRAXX Corporation,Customer Service Administrator,https://www.linkedin.com/jobs/view/3770196646/,"Pennsylvania, United States (Remote)",2024-01-21 15:03:22.361660
Sunnova Energy,Installation Coordinator,https://www.linkedin.com/jobs/view/3810551802/,United States (Remote),2024-01-21 15:04:06.387130
tkdesignassociates,Marketing Copywriter,https://www.linkedin.com/jobs/view/3781348660/,United States (Remote),2024-01-21 15:04:47.389284
Clarity Recruiting,Operations Assistant,https://www.linkedin.com/jobs/view/3799081774/,"New York, NY (Remote)",2024-01-21 15:05:31.101795
Regenexx Corporate Program,Billing Specialist,https://www.linkedin.com/jobs/view/3743036970/,"Des Moines, IA (Remote)",2024-01-21 15:07:44.961097
Beyond Finance,Inside Sales Representative,https://www.linkedin.com/jobs/view/3723946018/,United States (Remote),2024-01-21 15:08:29.914188
TalentoHC,Credit Card Clerk,https://www.linkedin.com/jobs/view/3800594862/,United States (Remote),2024-01-21 15:09:11.591602
PorchLight Insights,Project Manager,https://www.linkedin.com/jobs/view/3803692488/,United States (Remote),2024-01-21 15:09:47.522127
Insight Global,Inpatient Facility Coder,https://www.linkedin.com/jobs/view/3798677531/,United States (Remote),2024-01-21 15:10:29.494254
Trius Lending Partners,Loan Intake Processor,https://www.linkedin.com/jobs/view/3809765636/,United States (Remote),2024-01-21 15:11:11.501971
BCU,"Spec, Collections",https://www.linkedin.com/jobs/view/3788296704/,United States (Remote),2024-01-21 15:11:54.439539
"Keeper Security, Inc.",Bilingual (Spanish/English) B2B Customer Support Representative,https://www.linkedin.com/jobs/view/3783799485/,"Chicago, IL (Remote)",2024-01-21 15:12:37.839898
Upbeat (Education),Program Operations Associate,https://www.linkedin.com/jobs/view/3790896377/,United States (Remote),2024-01-21 15:13:15.249038
Cornerstone Building Brands,Field Service Representative,https://www.linkedin.com/jobs/view/3801732895/,"Houston, TX (Remote)",2024-01-21 15:13:56.927884
NewtekOne (NASDAQ: NEWT),iSolved Payroll Customer Support Specialist I,https://www.linkedin.com/jobs/view/3794026640/,United States (Remote),2024-01-21 15:14:38.681606
Brighton Health Plan Solutions,Client Services Representative,https://www.linkedin.com/jobs/view/3808804054/,United States (Remote),2024-01-21 15:15:19.264423
Motion Recruitment,Live Events Operations Coordinator,https://www.linkedin.com/jobs/view/3809225335/,United States (Remote),2024-01-21 15:16:04.958577
HLTHX,HLTHX Guide (REMOTE)New Mexico,https://www.linkedin.com/jobs/view/3799403961/,"New Mexico, United States (Remote)",2024-01-21 15:16:49.963613
Forsta,Technical Support Agent - US Pacific Time Zone working hours,https://www.linkedin.com/jobs/view/3795116977/,"Chicago, IL (Remote)",2024-01-21 15:17:35.021928
Insight Global,Medical Coder,https://www.linkedin.com/jobs/view/3806475105/,"Florida, United States (Remote)",2024-01-21 15:18:17.515839
Beyond Finance,Inside Sales Representative (Remote),https://www.linkedin.com/jobs/view/3768480690/,"Fort Lauderdale, FL (Remote)",2024-01-21 15:19:02.961246
Medallion,AR / AP Analyst,https://www.linkedin.com/jobs/view/3799930197/,United States (Remote),2024-01-21 15:19:46.955774
Mercatalyst,Merchandise Coordinator,https://www.linkedin.com/jobs/view/3800474168/,United States (Remote),2024-01-21 15:19:54.178670
Institute of Technology and Academics,Personal Assistant,https://www.linkedin.com/jobs/view/3804831015/,"Milwaukee, WI (Remote)",2024-01-21 15:20:35.184624
Insight Global,Automotive Customer Service Rep,https://www.linkedin.com/jobs/view/3802417629/,United States (Remote),2024-01-21 15:20:43.097041
The Intersect Group,Medical Biller,https://www.linkedin.com/jobs/view/3801104676/,"Phoenix, AZ (Remote)",2024-01-21 15:21:27.072713
"AIB International, Inc","Associate, Certification Services and Reports",https://www.linkedin.com/jobs/view/3805429897/,United States (Remote),2024-01-21 15:22:06.202603
Jobot,REMOTE Accounts Receivable and Payables Clerk - Entry Level,https://www.linkedin.com/jobs/view/3806686218/,"Washington, DC (Remote)",2024-01-21 15:22:48.932561
Imagine H2O,Program Associate,https://www.linkedin.com/jobs/view/3803094498/,United States (Remote),2024-01-21 15:23:32.563019
Randstad USA,Financial Call Center Representative,https://www.linkedin.com/jobs/view/3808745630/,"Malvern, PA (Remote)",2024-01-21 15:25:53.010642
iProspect,"Senior Associate, Commerce & Retail Media",https://www.linkedin.com/jobs/view/3749263728/,"New York, NY (Remote)",2024-01-21 15:26:33.875589
U.S. Retirement & Benefits Partners,Participant Services Associate,https://www.linkedin.com/jobs/view/3810528308/,United States (Remote),2024-01-21 15:27:16.395557
iProspect,"Senior Associate, Commerce & Retail Media",https://www.linkedin.com/jobs/view/3749262779/,"Seattle, WA (Remote)",2024-01-21 15:27:56.789341
The Lion Electric,Field Service Representative,https://www.linkedin.com/jobs/view/3799970693/,"Shreveport, LA (Remote)",2024-01-21 15:28:39.730436
Jones Networking,Legal Billing Coordinator,https://www.linkedin.com/jobs/view/3809708468/,Washington DC-Baltimore Area (Remote),2024-01-21 15:29:19.927899
1031 Specialists,1031 Processor,https://www.linkedin.com/jobs/view/3748805590/,"Los Angeles, CA (Remote)",2024-01-21 15:30:05.246423
Clarity Recruiting,Operations Associate,https://www.linkedin.com/jobs/view/3799338727/,"New York, United States (Remote)",2024-01-21 15:30:43.957764
Acentra Health,Customer Service Representative (Remote),https://www.linkedin.com/jobs/view/3673794343/,United States (Remote),2024-01-21 15:31:25.290635
SimpleVMS,"Inside Sales Representative, SimpleVMS",https://www.linkedin.com/jobs/view/3738043683/,United States (Remote),2024-01-21 15:32:05.730382
The Channel Company,Payroll Specialist,https://www.linkedin.com/jobs/view/3796570724/,United States (Remote),2024-01-21 15:32:48.236224
CSI Companies,Remote Risk Adjustment Coder,https://www.linkedin.com/jobs/view/3803217855/,United States (Remote),2024-01-21 15:33:31.143038
Oscar Health,"Associate, Claims Platform Configuration",https://www.linkedin.com/jobs/view/3800618587/,United States (Remote),2024-01-21 15:34:11.845605
Brighton Health Plan Solutions,Appeals Coordinator,https://www.linkedin.com/jobs/view/3808511172/,United States (Remote),2024-01-21 15:34:52.380581
Insight Global,Financial Compliance Analyst (jr-mid level),https://www.linkedin.com/jobs/view/3798649571/,United States (Remote),2024-01-21 15:35:36.077656
Wright Flood - Nation's Largest Flood Insurance Company,Customer Service Representative,https://www.linkedin.com/jobs/view/3687950510/,"Florida, United States (Remote)",2024-01-21 15:36:19.926850
Duravent Group,Customer Service Technical Specialist,https://www.linkedin.com/jobs/view/3791793301/,United States (Remote),2024-01-21 15:37:05.639012
Montegallo.,Executive Assistant,https://www.linkedin.com/jobs/view/3810296381/,"New York, United States (Remote)",2024-01-21 15:37:44.913873
Union of Concerned Scientists,Outreach Coordinator,https://www.linkedin.com/jobs/view/3784944580/,"Washington, DC (Remote)",2024-01-21 15:38:27.999693
Nymbl Systems,Medical Billing/AR Specialist (Remote),https://www.linkedin.com/jobs/view/3799096916/,United States (Remote),2024-01-21 15:39:12.981827
"VIVOS Professional Services, LLC",Product Safety Specialist,https://www.linkedin.com/jobs/view/3799952775/,United States (Remote),2024-01-21 15:39:56.016733
Maven Clinic,Senior Member Services Associate,https://www.linkedin.com/jobs/view/3804174364/,United States (Remote),2024-01-21 15:40:37.005863
Jobot,REMOTE Accounts Receivable and Payables Clerk - Entry Level,https://www.linkedin.com/jobs/view/3806681658/,"Boston, MA (Remote)",2024-01-21 15:41:23.774020
Advanced Recruiting Partners,Clinical Trial Assistant,https://www.linkedin.com/jobs/view/3791796899/,United States (Remote),2024-01-21 15:42:07.706019
Dealer Tire,Payroll Specialist,https://www.linkedin.com/jobs/view/3792251827/,Greater Cleveland (Remote),2024-01-21 15:42:49.057667
Healthcare IS,FQHC Coder,https://www.linkedin.com/jobs/view/3780695549/,United States (Remote),2024-01-21 15:45:01.485152
Cornerstone Building Brands,Building Services Representative,https://www.linkedin.com/jobs/view/3778904488/,"Arizona, United States (Remote)",2024-01-21 15:45:45.475968
Managed | Marketing Business Solutions,Administrative Assistant,https://www.linkedin.com/jobs/view/3800406777/,New York City Metropolitan Area (Remote),2024-01-21 15:45:52.695483
Insight Global,International Trade Specialist,https://www.linkedin.com/jobs/view/3804571717/,United States (Remote),2024-01-21 15:46:37.355319
TalentoHC,Accounts Payable Specialist,https://www.linkedin.com/jobs/view/3788979331/,"Florida, United States (Remote)",2024-01-21 15:47:19.166663
"CPS, Inc.",Media Billing Specialist --Fully Remote Potential(Have To Be Local To Area),https://www.linkedin.com/jobs/view/3799893904/,"Fort Worth, TX (Remote)",2024-01-21 15:48:02.642493
Terumo Medical Corporation,Customer Care Representative,https://www.linkedin.com/jobs/view/3787313394/,"Phoenix, AZ (Remote)",2024-01-21 15:48:45.428781
RemX | The Workforce Experts,Field Marketing Specialist,https://www.linkedin.com/jobs/view/3805545435/,"Columbia, SC (Remote)",2024-01-21 15:49:28.882948
Intelletec Energy,Remote Paralegal,https://www.linkedin.com/jobs/view/3802343326/,United States (Remote),2024-01-21 15:50:12.235371
Precision Point Staffing,Clinical Trial Associate/Senior Clinical Trial Associate,https://www.linkedin.com/jobs/view/3806571010/,United States (Remote),2024-01-21 15:50:54.931384
LHH,Master Data Analyst,https://www.linkedin.com/jobs/view/3788929591/,"Dallas, TX (Remote)",2024-01-21 15:51:36.918661
Blue Signal Search,AR Rep/Medical Collections Specialist,https://www.linkedin.com/jobs/view/3740226305/,United States (Remote),2024-01-21 15:52:18.612414
CorServ,Disputes Analyst,https://www.linkedin.com/jobs/view/3798170211/,United States (Remote),2024-01-21 15:53:00.178457
Vaco,Reimbursement Specialist - Call Center,https://www.linkedin.com/jobs/view/3799946216/,"Orlando, FL (Remote)",2024-01-21 15:53:42.047846
Environmental Protection Network,Community Outreach Associate,https://www.linkedin.com/jobs/view/3801107446/,United States (Remote),2024-01-21 15:54:27.132906
Blue Signal Search,Insurance Verification Specialist,https://www.linkedin.com/jobs/view/3740208920/,United States (Remote),2024-01-21 15:55:07.162372
Randstad USA,Financial Call Center Representative,https://www.linkedin.com/jobs/view/3808743329/,"Scottsdale, AZ (Remote)",2024-01-21 15:55:52.099710
"Manning Personnel Group, Inc.",Administrative Coordinator,https://www.linkedin.com/jobs/view/3802165978/,"Boston, MA (Remote)",2024-01-21 15:56:34.099517
Amerit Consulting,"Remote Role [Bilingual customer Service Rep] - Rancho Cordova, CA",https://www.linkedin.com/jobs/view/3802770965/,"Sacramento County, CA (Remote)",2024-01-21 15:57:14.410390
Acentra Health,Customer Service Representative (Remote),https://www.linkedin.com/jobs/view/3670933754/,United States (Remote),2024-01-21 15:57:58.226226
4 Corner Resources,Benefits Analyst,https://www.linkedin.com/jobs/view/3799836660/,United States (Remote),2024-01-21 15:58:44.226654
Alpine Physician Partners,Credentialing Specialist,https://www.linkedin.com/jobs/view/3798399164/,"Texas, United States (Remote)",2024-01-21 15:59:27.268471
Jobot,REMOTE Accounts Receivable and Payables Clerk - Entry Level,https://www.linkedin.com/jobs/view/3806687206/,"Baltimore, MD (Remote)",2024-01-21 16:00:07.842436
eBrevia,Operations Associate,https://www.linkedin.com/jobs/view/3804284845/,United States (Remote),2024-01-21 16:00:54.700219
"Maxor National Pharmacy Services, LLC",Patient Care Coordinator,https://www.linkedin.com/jobs/view/3807092953/,"Amarillo, TX (Remote)",2024-01-21 16:01:35.609951
4 Corner Resources,Pharmacy Technician,https://www.linkedin.com/jobs/view/3795175007/,"Orlando, FL (Remote)",2024-01-21 16:07:43.888474
Platinum Recruiting Group,Revenue Accountant,https://www.linkedin.com/jobs/view/3804286488/,"Indiana, United States (Remote)",2024-01-21 16:08:23.188813
Harland Clarke Customer Engagement Solutions,Contact Center Training Operation Specialist,https://www.linkedin.com/jobs/view/3808756296/,"San Antonio, TX (Remote)",2024-01-21 16:09:05.188125
Genea,Invoice Specialist I,https://www.linkedin.com/jobs/view/3802622968/,United States (Remote),2024-01-21 16:09:46.394693
LHH,Accounts Payable Coordinator - NetSuite experience desired,https://www.linkedin.com/jobs/view/3801121044/,"Chicago, IL (Remote)",2024-01-21 16:10:28.366238
TravelCenters of America,Emergency Roadside Assistance Agent (REMOTE),https://www.linkedin.com/jobs/view/3808765339/,United States (Remote),2024-01-21 16:11:07.938039
Terumo Medical Corporation,Customer Care Representative,https://www.linkedin.com/jobs/view/3787313394/,"Phoenix, AZ (Remote)",2024-01-21 16:11:51.359498
"IDR, Inc.",Eligibility Specialist,https://www.linkedin.com/jobs/view/3804821840/,United States (Remote),2024-01-21 16:12:31.299079
Insight Global,International Trade Specialist,https://www.linkedin.com/jobs/view/3804571717/,United States (Remote),2024-01-21 16:13:19.240132
Walden University,Enrollment Specialist,https://www.linkedin.com/jobs/view/3797041559/,United States (Remote),2024-01-21 16:14:01.998042
Bluebird Staffing,Clinical Reimbursement Specialist,https://www.linkedin.com/jobs/view/3790064158/,United States (Remote),2024-01-21 16:14:44.649648
Russell Tobin,Administrative Assistant,https://www.linkedin.com/jobs/view/3807173773/,United States (Remote),2024-01-21 16:15:22.702533
Insight Global,Medical Coder,https://www.linkedin.com/jobs/view/3806475105/,"Florida, United States (Remote)",2024-01-21 16:16:05.970715
Nymbl Systems,Medical Billing/AR Specialist (Remote),https://www.linkedin.com/jobs/view/3799096916/,United States (Remote),2024-01-21 16:16:48.201515
BayCare Health System,Specialty Coder,https://www.linkedin.com/jobs/view/3801527729/,"Florida, United States (Remote)",2024-01-21 16:17:30.196577
Insight Global,Certified Medical Coder,https://www.linkedin.com/jobs/view/3801132823/,Los Angeles Metropolitan Area (Remote),2024-01-21 16:18:14.883897
Blue Signal Search,Insurance Verification Specialist,https://www.linkedin.com/jobs/view/3740208920/,United States (Remote),2024-01-21 16:18:55.075804
First American Home Warranty,Inside Sales Representative,https://www.linkedin.com/jobs/view/3804102379/,United States (Remote),2024-01-21 16:19:36.098961
Amerit Consulting,"Remote Role [Bilingual customer Service Rep] - Rancho Cordova, CA",https://www.linkedin.com/jobs/view/3802770965/,"Sacramento County, CA (Remote)",2024-01-21 16:20:16.041287
Domino Data Lab,Staff Accountant (Revenue),https://www.linkedin.com/jobs/view/3786775314/,United States (Remote),2024-01-21 16:21:00.704524
Atrium,Customer Service Specialist (135042),https://www.linkedin.com/jobs/view/3792914975/,"New York, NY (Remote)",2024-01-21 16:21:08.876731
Vaco,Reimbursement Specialist - Call Center,https://www.linkedin.com/jobs/view/3799946216/,"Orlando, FL (Remote)",2024-01-21 16:21:54.353629
BayCare Health System,Medical Records Coder,https://www.linkedin.com/jobs/view/3801521641/,"Florida, United States (Remote)",2024-01-21 16:22:37.551093
Acentra Health,Customer Service Representative (Remote U.S.),https://www.linkedin.com/jobs/view/3760359898/,United States (Remote),2024-01-21 16:23:19.401291
Jobot,REMOTE Accounts Receivable and Payables Clerk - Entry Level,https://www.linkedin.com/jobs/view/3806681658/,"Boston, MA (Remote)",2024-01-21 16:23:58.102451
Jobot,100% REMOTE Staff Accountant,https://www.linkedin.com/jobs/view/3809180356/,"Baltimore, MD (Remote)",2024-01-21 16:26:03.876779
Jobot,100% REMOTE Staff Accountant,https://www.linkedin.com/jobs/view/3808861648/,"New York, NY (Remote)",2024-01-21 16:26:54.721405
The Select Group,Data Entry Specialist,https://www.linkedin.com/jobs/view/3810364144/,United States (Remote),2024-01-21 16:31:14.332674
24 Seven Talent,Data Entry Specialist,https://www.linkedin.com/jobs/view/3791751300/,United States (Remote),2024-01-21 16:31:20.839953
Lorven Technologies Inc.,"Data Entry Support -- Hartford, CT 06134 (Remote Position)",https://www.linkedin.com/jobs/view/3802270997/,United States (Remote),2024-01-21 16:31:28.814565
PearlX,Solar Enrollment Specialist,https://www.linkedin.com/jobs/view/3792270577/,"California, United States (Remote)",2024-01-21 17:04:29.685951
Exotic Car Trader,BDC Representative Opportunity at Exotic Car Trader,https://www.linkedin.com/jobs/view/3803204360/,"Nevada, United States (Remote)",2024-01-21 17:04:37.803485
Randstad,Medical Claims Rep,https://www.linkedin.com/jobs/view/3809224848/,"Oakland, CA (Remote)",2024-01-21 17:06:16.049384
The Johnson Group Inc.,Appointment Scheduler,https://www.linkedin.com/jobs/view/3801581306/,"Sacramento, CA (Remote)",2024-01-21 17:06:23.717231
C&E Industrial Services,Service Associate,https://www.linkedin.com/jobs/view/3798680462/,United States (Remote),2024-01-21 17:08:06.020797
Alacriti,Accounts Payable Specialist,https://www.linkedin.com/jobs/view/3801120236/,United States (Remote),2024-01-21 17:08:13.379135
Brave Thinking Institute,Client Coordinator,https://www.linkedin.com/jobs/view/3808995502/,"Las Vegas, NV (Remote)",2024-01-21 17:09:58.824246
Catena Solutions,Returns Specialist,https://www.linkedin.com/jobs/view/3809930572/,"Northbrook, IL (Remote)",2024-01-21 17:10:06.765361
TRAXX Corporation,Customer Service Administrator,https://www.linkedin.com/jobs/view/3770196646/,"Pennsylvania, United States (Remote)",2024-01-21 17:10:13.419587
NILLST LLC,Home Office Clerk,https://www.linkedin.com/jobs/view/3806877854/,United States (Remote),2024-01-21 17:10:20.744684
AKGRE INC,Office Administrator,https://www.linkedin.com/jobs/view/3806663716/,"Illinois, United States (Remote)",2024-01-21 17:10:26.700488
NILLST LLC,Home Office Clerk,https://www.linkedin.com/jobs/view/3804530710/,United States (Remote),2024-01-21 17:10:33.824592
Etleap,Customer Support Analyst,https://www.linkedin.com/jobs/view/3798678406/,"New York, NY (Remote)",2024-01-21 17:10:40.276680
Atrium,Customer Experience Associate (135047),https://www.linkedin.com/jobs/view/3792915859/,"New York, NY (Remote)",2024-01-21 17:12:08.399268
Solomon Page,eCommerce Operations Analyst,https://www.linkedin.com/jobs/view/3803085806/,"San Francisco, CA (Remote)",2024-01-21 17:13:28.477637
Next Shift Learning,Operations Associate,https://www.linkedin.com/jobs/view/3804115471/,"California, United States (Remote)",2024-01-21 17:13:36.054573
"Agile Resources, Inc.",Data Processing Specialist,https://www.linkedin.com/jobs/view/3792240212/,United States (Remote),2024-01-21 17:15:05.126948
"Reliance One, Inc.",Chat Agent,https://www.linkedin.com/jobs/view/3806473680/,United States (Remote),2024-01-21 17:15:12.020706
Apexon,Surge Support (Eligibility),https://www.linkedin.com/jobs/view/3806492970/,United States (Remote),2024-01-21 17:16:49.234380
Beyond Finance,Inside Sales Representative (Remote),https://www.linkedin.com/jobs/view/3768482511/,"Phoenix, AZ (Remote)",2024-01-21 17:17:31.721944
TalentoHC,Credit Card Clerk,https://www.linkedin.com/jobs/view/3800594862/,United States (Remote),2024-01-21 17:18:59.534176
Cato Networks,Customer Care Specialist East,https://www.linkedin.com/jobs/view/3804447606/,"Boston, MA (Remote)",2024-01-21 17:21:03.115846
NW farm house,Customer Service Sales Specialist,https://www.linkedin.com/jobs/view/3802597888/,"Chula Vista, CA (Remote)",2024-01-21 17:21:10.686775
Helplama,US-based Customer Support Representatives,https://www.linkedin.com/jobs/view/3801468817/,United States (Remote),2024-01-21 17:21:18.888844
Bellweather Agency,Part-Time Operations Assistant,https://www.linkedin.com/jobs/view/3803474721/,United States (Remote),2024-01-21 17:21:26.998249
Think Bigger PGFS,Office Administrator,https://www.linkedin.com/jobs/view/3802449028/,"Fort Worth, TX (Remote)",2024-01-21 17:24:51.907478
Clincierge,Travel & Customer Service Coordinator (USA),https://www.linkedin.com/jobs/view/3705615992/,United States (Remote),2024-01-21 17:24:59.113303
ELLA Inspires Magazine,Customer Outreach Associate,https://www.linkedin.com/jobs/view/3711638365/,Dallas-Fort Worth Metroplex (Remote),2024-01-21 17:25:06.207270
Hunter Hamilton,Admissions Representative,https://www.linkedin.com/jobs/view/3799414878/,United States (Remote),2024-01-21 17:25:12.240385
CollegeAdvisor.com,Admissions Coordinator,https://www.linkedin.com/jobs/view/3760192906/,United States (Remote),2024-01-21 17:26:40.117736
Capgemini,Customer Service Representative,https://www.linkedin.com/jobs/view/3808288258/,United States (Remote),2024-01-21 17:28:17.864844
Genea,Invoice Specialist I,https://www.linkedin.com/jobs/view/3802622968/,United States (Remote),2024-01-21 17:29:42.429597
New American Funding,Real Estate Lease Coordinator,https://www.linkedin.com/jobs/view/3806622054/,"Tustin, CA (Remote)",2024-01-21 17:31:07.144543
Vallum Associates,Inside Sales Representative - 100% Remote,https://www.linkedin.com/jobs/view/3807724865/,"Massachusetts, United States (Remote)",2024-01-21 17:32:44.158735
Solomon Page,eCommerce Operations Analyst,https://www.linkedin.com/jobs/view/3803085806/,"San Francisco, CA (Remote)",2024-01-21 17:32:52.519658
Upbeat (Education),Program Operations Associate,https://www.linkedin.com/jobs/view/3790896377/,United States (Remote),2024-01-21 17:34:27.811124
24 Seven Talent,Administrative Assistant,https://www.linkedin.com/jobs/view/3798667826/,United States (Remote),2024-01-21 17:35:51.779222
24 Seven Talent,Administrative Assistant,https://www.linkedin.com/jobs/view/3798696371/,"Texas, United States (Remote)",2024-01-21 17:37:20.112629
Acentra Health,Customer Service Representative (Remote),https://www.linkedin.com/jobs/view/3732689224/,United States (Remote),2024-01-21 17:39:45.378724
Spirovant Company,Customer Care Representative,https://www.linkedin.com/jobs/view/3810533269/,United States (Remote),2024-01-21 17:39:52.061147
Estates Management Company,Entry Level Customer Relation Officer,https://www.linkedin.com/jobs/view/3807572476/,United States (Remote),2024-01-21 17:39:59.619929
Vericast,Client Coordinator (Remote),https://www.linkedin.com/jobs/view/3809241275/,"Livonia, MI (Remote)",2024-01-21 17:42:09.451126
Mothers Out Front,Operations Associate,https://www.linkedin.com/jobs/view/3809965034/,United States (Remote),2024-01-21 17:44:13.590895
"Agile Resources, Inc.",Customer Service Representative,https://www.linkedin.com/jobs/view/3806473430/,"Portland, Oregon Metropolitan Area (Remote)",2024-01-21 17:46:00.203824
InformData,Administrative Coordinator,https://www.linkedin.com/jobs/view/3804574440/,United States (Remote),2024-01-21 17:47:39.322681
Alpine Home Air,Customer Solutions Representative,https://www.linkedin.com/jobs/view/3808735421/,United States (Remote),2024-01-21 17:49:50.407000
Zone IT Solutions,Customer Centre Representative,https://www.linkedin.com/jobs/view/3793124419/,"California, United States (Remote)",2024-01-21 17:51:49.783970
eLocal,Call Center Representative,https://www.linkedin.com/jobs/view/3810555727/,United States (Remote),2024-01-21 17:53:33.324231
"Manning Personnel Group, Inc.",Administrative Coordinator,https://www.linkedin.com/jobs/view/3802165978/,"Boston, MA (Remote)",2024-01-21 17:55:19.460785
Deck Expressions,Customer Service Specialist,https://www.linkedin.com/jobs/view/3804542820/,United States (Remote),2024-01-21 17:55:27.550373
1A Auto,E-Mail/Chat Customer Service Representative,https://www.linkedin.com/jobs/view/3804267547/,"Nashua, NH (Remote)",2024-01-21 17:57:11.292973
Randstad,Customer Service Representative,https://www.linkedin.com/jobs/view/3795570655/,"Marlborough, MA (Remote)",2024-01-21 17:58:37.528970
Vericast,Customer Care Specialist I (Contract to Hire),https://www.linkedin.com/jobs/view/3809954425/,"San Antonio, TX (Remote)",2024-01-21 18:00:43.195911
Brave Thinking Institute,Client Coordinator,https://www.linkedin.com/jobs/view/3808995502/,"Las Vegas, NV (Remote)",2024-01-21 18:00:50.336764
SPECTRAFORCE,Customer Service Specialist,https://www.linkedin.com/jobs/view/3807794921/,"Waukegan, IL (Remote)",2024-01-21 18:00:57.291444
Ultimate Staffing,Relocation Specialist,https://www.linkedin.com/jobs/view/3798133862/,"Florida, United States (Remote)",2024-01-21 18:01:05.654396
Acentra Health,Administrative Assistant (Remote in Florida),https://www.linkedin.com/jobs/view/3782753575/,"Tallahassee, FL (Remote)",2024-01-21 18:03:33.178196
SWAN Analytical USA,Direct Sales Representative,https://www.linkedin.com/jobs/view/3798680189/,"Orlando, FL (Remote)",2024-01-21 18:03:41.549941
M3 USA,Account Coordinator (Remote),https://www.linkedin.com/jobs/view/3783141521/,"Cleveland, OH (Remote)",2024-01-21 18:07:00.208379
Aspen Dental,Facilities Management Coordinator,https://www.linkedin.com/jobs/view/3799938766/,United States (Remote),2024-01-21 18:08:38.389541
"AIB International, Inc","Associate, Certification Services and Reports",https://www.linkedin.com/jobs/view/3805429897/,United States (Remote),2024-01-21 18:10:19.472886
Insight Global,Remote Zendesk Call Center,https://www.linkedin.com/jobs/view/3804810252/,United States (Remote),2024-01-21 18:12:01.433677
Walden University,Enrollment Specialist,https://www.linkedin.com/jobs/view/3797041559/,United States (Remote),2024-01-21 18:14:23.038247
Athena's Go Travel,Travel Agent,https://www.linkedin.com/jobs/view/3804801817/,"Henderson, CO (Remote)",2024-01-21 18:16:01.680860
"Metasys Technologies, Inc.",Accounting Clerk,https://www.linkedin.com/jobs/view/3806914833/,United States (Remote),2024-01-21 18:16:07.828822
Insight Global,Medical Coder,https://www.linkedin.com/jobs/view/3806475105/,"Florida, United States (Remote)",2024-01-21 18:17:46.722736
PURER USA,Customer Service Sales Representative,https://www.linkedin.com/jobs/view/3796609182/,United States (Remote),2024-01-21 18:19:10.173422
TalentoHC,Credit Card Clerk,https://www.linkedin.com/jobs/view/3800594862/,United States (Remote),2024-01-21 18:19:16.993491
Mican Technologies Inc.,Patient Access Representative,https://www.linkedin.com/jobs/view/3808758339/,"Dallas, TX (Remote)",2024-01-21 18:20:50.170137
Onward Search,Account Coordinator [73584],https://www.linkedin.com/jobs/view/3807394615/,"Florida, United States (Remote)",2024-01-21 18:22:40.032440
Ultimate Staffing,Customer Service Representative-QW,https://www.linkedin.com/jobs/view/3804805177/,"Rancho Cordova, CA (Remote)",2024-01-21 18:24:03.468198
Wright Flood - Nation's Largest Flood Insurance Company,Customer Service Representative,https://www.linkedin.com/jobs/view/3687950510/,"Florida, United States (Remote)",2024-01-21 18:25:52.511241
Acentra Health,Customer Service Representative (Remote - Bilingual),https://www.linkedin.com/jobs/view/3670932942/,United States (Remote),2024-01-21 18:28:08.601860
saveday,Client Operations Specialist,https://www.linkedin.com/jobs/view/3804577098/,"Austin, Texas Metropolitan Area (Remote)",2024-01-21 18:28:15.559397
Proliant,Payroll Implementation Support Specialist,https://www.linkedin.com/jobs/view/3801318981/,United States (Remote),2024-01-21 18:29:45.633116
Misen,Customer Success Specialist,https://www.linkedin.com/jobs/view/3799945016/,United States (Remote),2024-01-21 18:31:25.858249
Points North,Client Services Specialist,https://www.linkedin.com/jobs/view/3737631977/,Greater Minneapolis-St. Paul Area (Remote),2024-01-21 18:33:19.031676
Trius Lending Partners,Loan Intake Processor,https://www.linkedin.com/jobs/view/3809765636/,United States (Remote),2024-01-21 18:35:04.579210
Randstad USA,Cash Application Specialist,https://www.linkedin.com/jobs/view/3807449505/,"Greenwood Village, CO (Remote)",2024-01-21 18:36:46.324250
Hunter Hamilton,Admissions Representative,https://www.linkedin.com/jobs/view/3799414878/,United States (Remote),2024-01-21 18:36:53.672825
Ultimate Staffing,Relocation Specialist,https://www.linkedin.com/jobs/view/3798133862/,"Florida, United States (Remote)",2024-01-21 18:37:00.921048
SPECTRAFORCE,Customer Service Specialist,https://www.linkedin.com/jobs/view/3807794921/,"Waukegan, IL (Remote)",2024-01-21 18:37:07.927820
City of Scottsdale,Administrative Medical Assistant,https://www.linkedin.com/jobs/view/3810714345/,United States (Remote),2024-01-21 18:38:43.966111
Ultimate Staffing,Customer Service Representative-QW,https://www.linkedin.com/jobs/view/3804805177/,"Rancho Cordova, CA (Remote)",2024-01-21 18:38:50.855518
Etleap,Customer Support Analyst,https://www.linkedin.com/jobs/view/3798678406/,"New York, NY (Remote)",2024-01-21 18:38:57.144549
silkgrassfarms,Receptionist,https://www.linkedin.com/jobs/view/3790572034/,"Florida, United States (Remote)",2024-01-21 18:40:38.780402
TOMCATT SPORTS & BUSINESS SERVICES,Transcriptionist,https://www.linkedin.com/jobs/view/3803664724/,United States (Remote),2024-01-21 18:40:45.169685
Bellweather Agency,Part-Time Operations Assistant,https://www.linkedin.com/jobs/view/3803474721/,United States (Remote),2024-01-21 18:40:52.181875
Modern RV Center,Virtual Assistant,https://www.linkedin.com/jobs/view/3810870946/,United States (Remote),2024-01-21 18:42:31.717891
Helplama,US-based Customer Support Representatives,https://www.linkedin.com/jobs/view/3801468817/,United States (Remote),2024-01-21 18:42:39.314858
Oula,Care Coordinator,https://www.linkedin.com/jobs/view/3808599241/,United States (Remote),2024-01-21 18:42:46.461479
Customer Management Practice,Event Operations Coordinator,https://www.linkedin.com/jobs/view/3804382718/,"Florida, United States (Remote)",2024-01-21 18:44:44.472646
8 Figure Agency,High Ticket Closer (Online Sales),https://www.linkedin.com/jobs/view/3811386446/,United States (Remote),2024-01-21 18:46:08.451527
BookBreak School Author Talk Series,Operations Associate for Children's Author Talk Program - Remote,https://www.linkedin.com/jobs/view/3799981598/,United States (Remote),2024-01-21 18:46:13.859093
Talener,Data Quality Analyst,https://www.linkedin.com/jobs/view/3776693333/,"New York, NY (Remote)",2024-01-21 18:46:20.658680
Managed | Marketing Business Solutions,Administrative Assistant,https://www.linkedin.com/jobs/view/3800406777/,New York City Metropolitan Area (Remote),2024-01-21 18:46:27.360505
Vericast,Client Coordinator (Remote),https://www.linkedin.com/jobs/view/3809241275/,"Livonia, MI (Remote)",2024-01-21 18:48:35.841353
Clincierge,Travel & Customer Service Coordinator (USA),https://www.linkedin.com/jobs/view/3705615992/,United States (Remote),2024-01-21 18:48:42.680835
